finestep,counter_asc,counter_desc
-32768,53.0,52.0
-32752,57.0,56.0
-32736,61.0,52.0
-32720,59.0,54.0
-32704,56.0,57.0
-32688,55.0,54.0
-32672,56.0,52.0
-32656,57.0,56.0
-32640,57.0,58.0
-32624,52.0,54.0
-32608,54.0,53.0
-32592,56.0,56.0
-32576,57.0,51.0
-32560,59.0,51.0
-32544,55.0,55.0
-32528,56.0,52.0
-32512,58.0,51.0
-32496,55.0,55.0
-32480,56.0,49.0
-32464,54.0,52.0
-32448,60.0,55.0
-32432,62.0,51.0
-32416,56.0,51.0
-32400,54.0,58.0
-32384,59.0,52.0
-32368,56.0,52.0
-32352,58.0,52.0
-32336,56.0,55.0
-32320,55.0,52.0
-32304,61.0,52.0
-32288,54.0,53.0
-32272,58.0,53.0
-32256,55.0,49.0
-32240,57.0,50.0
-32224,55.0,49.0
-32208,64.0,53.0
-32192,57.0,55.0
-32176,58.0,53.0
-32160,58.0,50.0
-32144,54.0,51.0
-32128,58.0,51.0
-32112,57.0,48.0
-32096,57.0,48.0
-32080,61.0,50.0
-32064,56.0,51.0
-32048,54.0,53.0
-32032,59.0,54.0
-32016,57.0,49.0
-32000,54.0,48.0
-31984,59.0,51.0
-31968,54.0,48.0
-31952,59.0,52.0
-31936,55.0,49.0
-31920,56.0,52.0
-31904,58.0,52.0
-31888,55.0,49.0
-31872,54.0,50.0
-31856,55.0,48.0
-31840,61.0,52.0
-31824,54.0,49.0
-31808,62.0,52.0
-31792,55.0,53.0
-31776,58.0,50.0
-31760,59.0,50.0
-31744,57.0,50.0
-31728,56.0,53.0
-31712,56.0,50.0
-31696,57.0,50.0
-31680,58.0,51.0
-31664,59.0,52.0
-31648,59.0,48.0
-31632,55.0,48.0
-31616,60.0,52.0
-31600,63.0,47.0
-31584,59.0,49.0
-31568,50.0,51.0
-31552,60.0,50.0
-31536,57.0,50.0
-31520,58.0,50.0
-31504,56.0,45.0
-31488,58.0,44.0
-31472,57.0,49.0
-31456,52.0,51.0
-31440,54.0,48.0
-31424,51.0,47.0
-31408,55.0,48.0
-31392,59.0,48.0
-31376,57.0,51.0
-31360,57.0,46.0
-31344,55.0,49.0
-31328,57.0,52.0
-31312,55.0,52.0
-31296,54.0,51.0
-31280,56.0,50.0
-31264,58.0,47.0
-31248,56.0,50.0
-31232,59.0,48.0
-31216,58.0,48.0
-31200,60.0,46.0
-31184,54.0,50.0
-31168,55.0,45.0
-31152,50.0,46.0
-31136,58.0,50.0
-31120,55.0,51.0
-31104,54.0,49.0
-31088,55.0,49.0
-31072,58.0,46.0
-31056,55.0,48.0
-31040,57.0,47.0
-31024,55.0,44.0
-31008,53.0,46.0
-30992,54.0,47.0
-30976,58.0,50.0
-30960,54.0,46.0
-30944,55.0,47.0
-30928,52.0,50.0
-30912,51.0,47.0
-30896,52.0,48.0
-30880,57.0,46.0
-30864,58.0,49.0
-30848,56.0,43.0
-30832,56.0,45.0
-30816,56.0,51.0
-30800,54.0,46.0
-30784,59.0,49.0
-30768,53.0,45.0
-30752,56.0,47.0
-30736,54.0,47.0
-30720,57.0,48.0
-30704,55.0,52.0
-30688,56.0,45.0
-30672,55.0,48.0
-30656,52.0,48.0
-30640,56.0,49.0
-30624,49.0,48.0
-30608,57.0,50.0
-30592,57.0,49.0
-30576,57.0,50.0
-30560,54.0,51.0
-30544,56.0,45.0
-30528,55.0,52.0
-30512,54.0,46.0
-30496,53.0,51.0
-30480,56.0,48.0
-30464,57.0,47.0
-30448,57.0,47.0
-30432,57.0,49.0
-30416,51.0,46.0
-30400,53.0,46.0
-30384,54.0,45.0
-30368,55.0,44.0
-30352,55.0,46.0
-30336,55.0,47.0
-30320,55.0,48.0
-30304,52.0,47.0
-30288,54.0,43.0
-30272,57.0,50.0
-30256,55.0,43.0
-30240,58.0,47.0
-30224,53.0,45.0
-30208,53.0,44.0
-30192,53.0,41.0
-30176,53.0,44.0
-30160,53.0,43.0
-30144,58.0,48.0
-30128,56.0,50.0
-30112,52.0,45.0
-30096,53.0,45.0
-30080,53.0,43.0
-30064,56.0,45.0
-30048,58.0,48.0
-30032,57.0,44.0
-30016,56.0,48.0
-30000,55.0,47.0
-29984,52.0,45.0
-29968,55.0,48.0
-29952,53.0,47.0
-29936,55.0,42.0
-29920,54.0,48.0
-29904,54.0,46.0
-29888,55.0,48.0
-29872,50.0,43.0
-29856,55.0,48.0
-29840,54.0,43.0
-29824,55.0,46.0
-29808,52.0,47.0
-29792,55.0,48.0
-29776,50.0,41.0
-29760,56.0,46.0
-29744,54.0,43.0
-29728,55.0,43.0
-29712,53.0,42.0
-29696,57.0,39.0
-29680,53.0,41.0
-29664,54.0,42.0
-29648,56.0,44.0
-29632,55.0,43.0
-29616,53.0,46.0
-29600,53.0,47.0
-29584,58.0,45.0
-29568,56.0,42.0
-29552,54.0,42.0
-29536,54.0,45.0
-29520,55.0,46.0
-29504,52.0,42.0
-29488,52.0,47.0
-29472,56.0,46.0
-29456,52.0,43.0
-29440,52.0,41.0
-29424,53.0,40.0
-29408,56.0,44.0
-29392,51.0,43.0
-29376,54.0,45.0
-29360,52.0,42.0
-29344,54.0,47.0
-29328,51.0,44.0
-29312,54.0,43.0
-29296,54.0,39.0
-29280,55.0,45.0
-29264,52.0,47.0
-29248,58.0,44.0
-29232,54.0,40.0
-29216,54.0,41.0
-29200,53.0,45.0
-29184,50.0,42.0
-29168,52.0,42.0
-29152,54.0,41.0
-29136,51.0,44.0
-29120,55.0,41.0
-29104,55.0,43.0
-29088,55.0,43.0
-29072,53.0,42.0
-29056,51.0,42.0
-29040,52.0,47.0
-29024,51.0,40.0
-29008,47.0,43.0
-28992,49.0,44.0
-28976,51.0,44.0
-28960,50.0,37.0
-28944,52.0,41.0
-28928,54.0,43.0
-28912,50.0,45.0
-28896,54.0,45.0
-28880,54.0,37.0
-28864,52.0,44.0
-28848,52.0,45.0
-28832,50.0,39.0
-28816,52.0,44.0
-28800,54.0,43.0
-28784,50.0,42.0
-28768,49.0,38.0
-28752,49.0,40.0
-28736,50.0,42.0
-28720,47.0,44.0
-28704,50.0,38.0
-28688,52.0,41.0
-28672,51.0,39.0
-28656,55.0,39.0
-28640,52.0,45.0
-28624,51.0,46.0
-28608,52.0,43.0
-28592,53.0,46.0
-28576,51.0,41.0
-28560,51.0,39.0
-28544,49.0,45.0
-28528,54.0,41.0
-28512,52.0,41.0
-28496,49.0,42.0
-28480,54.0,46.0
-28464,55.0,43.0
-28448,48.0,41.0
-28432,51.0,42.0
-28416,52.0,42.0
-28400,52.0,40.0
-28384,53.0,38.0
-28368,52.0,37.0
-28352,47.0,41.0
-28336,50.0,43.0
-28320,52.0,41.0
-28304,50.0,43.0
-28288,56.0,43.0
-28272,50.0,42.0
-28256,54.0,40.0
-28240,51.0,34.0
-28224,54.0,39.0
-28208,51.0,41.0
-28192,50.0,42.0
-28176,50.0,39.0
-28160,47.0,42.0
-28144,53.0,41.0
-28128,49.0,40.0
-28112,53.0,38.0
-28096,53.0,42.0
-28080,53.0,40.0
-28064,52.0,39.0
-28048,51.0,39.0
-28032,49.0,44.0
-28016,54.0,38.0
-28000,50.0,43.0
-27984,51.0,39.0
-27968,53.0,38.0
-27952,53.0,41.0
-27936,55.0,43.0
-27920,50.0,39.0
-27904,51.0,36.0
-27888,47.0,41.0
-27872,50.0,40.0
-27856,52.0,40.0
-27840,49.0,40.0
-27824,49.0,38.0
-27808,46.0,38.0
-27792,52.0,40.0
-27776,49.0,38.0
-27760,54.0,39.0
-27744,51.0,41.0
-27728,54.0,40.0
-27712,50.0,39.0
-27696,48.0,38.0
-27680,50.0,38.0
-27664,48.0,43.0
-27648,51.0,41.0
-27632,54.0,38.0
-27616,48.0,41.0
-27600,51.0,41.0
-27584,51.0,43.0
-27568,50.0,39.0
-27552,50.0,38.0
-27536,47.0,33.0
-27520,49.0,39.0
-27504,52.0,34.0
-27488,54.0,38.0
-27472,50.0,38.0
-27456,52.0,37.0
-27440,53.0,35.0
-27424,51.0,37.0
-27408,48.0,41.0
-27392,50.0,37.0
-27376,51.0,37.0
-27360,56.0,38.0
-27344,50.0,35.0
-27328,52.0,36.0
-27312,48.0,37.0
-27296,50.0,35.0
-27280,48.0,35.0
-27264,49.0,40.0
-27248,48.0,42.0
-27232,51.0,37.0
-27216,51.0,38.0
-27200,50.0,36.0
-27184,51.0,33.0
-27168,50.0,35.0
-27152,51.0,39.0
-27136,50.0,33.0
-27120,49.0,39.0
-27104,50.0,35.0
-27088,53.0,39.0
-27072,52.0,34.0
-27056,47.0,39.0
-27040,49.0,35.0
-27024,49.0,34.0
-27008,52.0,34.0
-26992,50.0,33.0
-26976,51.0,35.0
-26960,53.0,33.0
-26944,50.0,34.0
-26928,50.0,38.0
-26912,47.0,38.0
-26896,47.0,39.0
-26880,50.0,37.0
-26864,49.0,38.0
-26848,48.0,33.0
-26832,55.0,35.0
-26816,46.0,36.0
-26800,45.0,36.0
-26784,54.0,37.0
-26768,49.0,38.0
-26752,49.0,35.0
-26736,50.0,39.0
-26720,48.0,33.0
-26704,52.0,36.0
-26688,48.0,34.0
-26672,49.0,38.0
-26656,52.0,34.0
-26640,48.0,35.0
-26624,48.0,33.0
-26608,48.0,41.0
-26592,46.0,37.0
-26576,44.0,37.0
-26560,46.0,31.0
-26544,52.0,35.0
-26528,50.0,35.0
-26512,49.0,36.0
-26496,48.0,37.0
-26480,47.0,37.0
-26464,48.0,32.0
-26448,49.0,31.0
-26432,47.0,37.0
-26416,51.0,29.0
-26400,49.0,37.0
-26384,48.0,32.0
-26368,46.0,37.0
-26352,45.0,34.0
-26336,49.0,35.0
-26320,50.0,37.0
-26304,49.0,36.0
-26288,47.0,32.0
-26272,47.0,30.0
-26256,41.0,32.0
-26240,43.0,33.0
-26224,49.0,39.0
-26208,49.0,32.0
-26192,48.0,40.0
-26176,48.0,33.0
-26160,46.0,36.0
-26144,42.0,36.0
-26128,47.0,38.0
-26112,47.0,30.0
-26096,49.0,32.0
-26080,49.0,31.0
-26064,46.0,33.0
-26048,46.0,35.0
-26032,49.0,36.0
-26016,50.0,38.0
-26000,53.0,33.0
-25984,49.0,33.0
-25968,50.0,32.0
-25952,46.0,33.0
-25936,51.0,34.0
-25920,49.0,34.0
-25904,50.0,35.0
-25888,46.0,35.0
-25872,46.0,31.0
-25856,46.0,34.0
-25840,46.0,33.0
-25824,49.0,34.0
-25808,50.0,30.0
-25792,46.0,35.0
-25776,46.0,33.0
-25760,46.0,35.0
-25744,51.0,32.0
-25728,45.0,31.0
-25712,44.0,31.0
-25696,49.0,29.0
-25680,47.0,31.0
-25664,47.0,37.0
-25648,49.0,37.0
-25632,48.0,30.0
-25616,48.0,34.0
-25600,49.0,29.0
-25584,50.0,32.0
-25568,47.0,34.0
-25552,50.0,31.0
-25536,49.0,34.0
-25520,42.0,32.0
-25504,44.0,32.0
-25488,46.0,33.0
-25472,47.0,31.0
-25456,43.0,35.0
-25440,46.0,32.0
-25424,51.0,35.0
-25408,47.0,29.0
-25392,46.0,30.0
-25376,45.0,29.0
-25360,47.0,33.0
-25344,47.0,34.0
-25328,48.0,33.0
-25312,46.0,33.0
-25296,48.0,33.0
-25280,45.0,27.0
-25264,48.0,32.0
-25248,45.0,30.0
-25232,49.0,29.0
-25216,47.0,33.0
-25200,48.0,30.0
-25184,47.0,29.0
-25168,45.0,32.0
-25152,46.0,29.0
-25136,48.0,31.0
-25120,45.0,31.0
-25104,46.0,28.0
-25088,50.0,27.0
-25072,47.0,30.0
-25056,46.0,31.0
-25040,42.0,30.0
-25024,46.0,30.0
-25008,44.0,26.0
-24992,48.0,31.0
-24976,48.0,29.0
-24960,49.0,28.0
-24944,48.0,29.0
-24928,45.0,32.0
-24912,45.0,33.0
-24896,45.0,29.0
-24880,44.0,31.0
-24864,47.0,28.0
-24848,44.0,32.0
-24832,45.0,32.0
-24816,48.0,31.0
-24800,47.0,29.0
-24784,41.0,28.0
-24768,48.0,30.0
-24752,47.0,30.0
-24736,46.0,28.0
-24720,45.0,32.0
-24704,47.0,28.0
-24688,48.0,26.0
-24672,42.0,33.0
-24656,43.0,29.0
-24640,45.0,30.0
-24624,48.0,33.0
-24608,42.0,30.0
-24592,45.0,27.0
-24576,49.0,33.0
-24560,47.0,25.0
-24544,44.0,30.0
-24528,45.0,31.0
-24512,45.0,30.0
-24496,45.0,29.0
-24480,39.0,30.0
-24464,46.0,32.0
-24448,46.0,29.0
-24432,47.0,29.0
-24416,44.0,30.0
-24400,42.0,28.0
-24384,51.0,29.0
-24368,46.0,31.0
-24352,45.0,27.0
-24336,43.0,30.0
-24320,46.0,25.0
-24304,45.0,31.0
-24288,48.0,29.0
-24272,46.0,29.0
-24256,46.0,26.0
-24240,47.0,33.0
-24224,47.0,26.0
-24208,40.0,28.0
-24192,44.0,28.0
-24176,47.0,30.0
-24160,44.0,31.0
-24144,44.0,25.0
-24128,42.0,28.0
-24112,45.0,27.0
-24096,50.0,29.0
-24080,43.0,31.0
-24064,47.0,25.0
-24048,50.0,32.0
-24032,49.0,29.0
-24016,45.0,28.0
-24000,43.0,29.0
-23984,44.0,27.0
-23968,42.0,28.0
-23952,44.0,32.0
-23936,47.0,27.0
-23920,39.0,25.0
-23904,43.0,26.0
-23888,47.0,29.0
-23872,45.0,28.0
-23856,44.0,29.0
-23840,44.0,25.0
-23824,44.0,31.0
-23808,43.0,28.0
-23792,42.0,26.0
-23776,47.0,27.0
-23760,40.0,28.0
-23744,43.0,30.0
-23728,43.0,29.0
-23712,42.0,24.0
-23696,45.0,32.0
-23680,43.0,25.0
-23664,42.0,27.0
-23648,43.0,30.0
-23632,41.0,28.0
-23616,48.0,27.0
-23600,42.0,27.0
-23584,44.0,27.0
-23568,40.0,30.0
-23552,45.0,28.0
-23536,43.0,29.0
-23520,45.0,24.0
-23504,41.0,25.0
-23488,41.0,27.0
-23472,46.0,23.0
-23456,49.0,27.0
-23440,43.0,24.0
-23424,44.0,23.0
-23408,43.0,23.0
-23392,45.0,27.0
-23376,44.0,24.0
-23360,46.0,26.0
-23344,44.0,24.0
-23328,47.0,27.0
-23312,45.0,23.0
-23296,47.0,24.0
-23280,48.0,24.0
-23264,43.0,21.0
-23248,42.0,25.0
-23232,48.0,26.0
-23216,49.0,24.0
-23200,43.0,29.0
-23184,40.0,23.0
-23168,45.0,24.0
-23152,45.0,24.0
-23136,44.0,29.0
-23120,46.0,26.0
-23104,47.0,23.0
-23088,40.0,23.0
-23072,44.0,25.0
-23056,43.0,26.0
-23040,44.0,28.0
-23024,40.0,24.0
-23008,43.0,25.0
-22992,45.0,25.0
-22976,48.0,26.0
-22960,42.0,32.0
-22944,42.0,22.0
-22928,43.0,27.0
-22912,43.0,23.0
-22896,43.0,23.0
-22880,43.0,25.0
-22864,40.0,26.0
-22848,44.0,24.0
-22832,43.0,26.0
-22816,43.0,27.0
-22800,43.0,25.0
-22784,42.0,23.0
-22768,44.0,22.0
-22752,42.0,21.0
-22736,47.0,21.0
-22720,44.0,26.0
-22704,46.0,26.0
-22688,42.0,24.0
-22672,44.0,24.0
-22656,43.0,22.0
-22640,40.0,26.0
-22624,44.0,23.0
-22608,43.0,27.0
-22592,45.0,26.0
-22576,44.0,24.0
-22560,43.0,26.0
-22544,45.0,19.0
-22528,42.0,23.0
-22512,39.0,21.0
-22496,44.0,23.0
-22480,42.0,23.0
-22464,44.0,25.0
-22448,44.0,26.0
-22432,41.0,23.0
-22416,45.0,22.0
-22400,45.0,25.0
-22384,37.0,23.0
-22368,41.0,26.0
-22352,38.0,29.0
-22336,41.0,23.0
-22320,41.0,28.0
-22304,43.0,24.0
-22288,44.0,21.0
-22272,43.0,22.0
-22256,41.0,20.0
-22240,39.0,22.0
-22224,44.0,23.0
-22208,43.0,21.0
-22192,42.0,16.0
-22176,41.0,22.0
-22160,44.0,23.0
-22144,43.0,22.0
-22128,41.0,20.0
-22112,42.0,24.0
-22096,41.0,23.0
-22080,41.0,21.0
-22064,40.0,20.0
-22048,39.0,25.0
-22032,42.0,20.0
-22016,42.0,23.0
-22000,41.0,21.0
-21984,41.0,23.0
-21968,47.0,23.0
-21952,44.0,20.0
-21936,39.0,20.0
-21920,42.0,25.0
-21904,43.0,21.0
-21888,40.0,25.0
-21872,43.0,21.0
-21856,40.0,20.0
-21840,42.0,21.0
-21824,39.0,19.0
-21808,45.0,19.0
-21792,42.0,25.0
-21776,35.0,21.0
-21760,40.0,21.0
-21744,41.0,21.0
-21728,36.0,20.0
-21712,44.0,21.0
-21696,40.0,18.0
-21680,42.0,23.0
-21664,39.0,21.0
-21648,41.0,20.0
-21632,41.0,20.0
-21616,37.0,22.0
-21600,38.0,25.0
-21584,39.0,21.0
-21568,43.0,22.0
-21552,39.0,22.0
-21536,42.0,23.0
-21520,38.0,21.0
-21504,44.0,23.0
-21488,38.0,19.0
-21472,39.0,18.0
-21456,40.0,20.0
-21440,41.0,20.0
-21424,42.0,20.0
-21408,42.0,20.0
-21392,39.0,19.0
-21376,41.0,20.0
-21360,43.0,21.0
-21344,43.0,21.0
-21328,43.0,22.0
-21312,39.0,22.0
-21296,42.0,21.0
-21280,39.0,24.0
-21264,39.0,18.0
-21248,35.0,15.0
-21232,40.0,23.0
-21216,43.0,20.0
-21200,41.0,18.0
-21184,38.0,15.0
-21168,41.0,21.0
-21152,39.0,16.0
-21136,39.0,20.0
-21120,38.0,19.0
-21104,40.0,21.0
-21088,39.0,20.0
-21072,40.0,19.0
-21056,42.0,18.0
-21040,36.0,17.0
-21024,40.0,20.0
-21008,40.0,23.0
-20992,39.0,21.0
-20976,37.0,15.0
-20960,39.0,15.0
-20944,40.0,16.0
-20928,38.0,24.0
-20912,41.0,20.0
-20896,42.0,17.0
-20880,39.0,19.0
-20864,40.0,17.0
-20848,41.0,21.0
-20832,38.0,20.0
-20816,36.0,19.0
-20800,42.0,13.0
-20784,40.0,16.0
-20768,38.0,22.0
-20752,39.0,21.0
-20736,37.0,21.0
-20720,41.0,17.0
-20704,44.0,18.0
-20688,39.0,21.0
-20672,40.0,18.0
-20656,38.0,19.0
-20640,39.0,24.0
-20624,39.0,19.0
-20608,37.0,20.0
-20592,41.0,16.0
-20576,38.0,20.0
-20560,39.0,18.0
-20544,40.0,21.0
-20528,38.0,18.0
-20512,35.0,18.0
-20496,41.0,16.0
-20480,42.0,15.0
-20464,33.0,14.0
-20448,37.0,15.0
-20432,38.0,16.0
-20416,37.0,19.0
-20400,43.0,20.0
-20384,43.0,19.0
-20368,40.0,19.0
-20352,39.0,17.0
-20336,35.0,16.0
-20320,36.0,17.0
-20304,38.0,19.0
-20288,33.0,16.0
-20272,39.0,18.0
-20256,36.0,19.0
-20240,35.0,16.0
-20224,41.0,21.0
-20208,38.0,15.0
-20192,38.0,18.0
-20176,36.0,14.0
-20160,40.0,21.0
-20144,34.0,20.0
-20128,37.0,20.0
-20112,41.0,16.0
-20096,38.0,18.0
-20080,40.0,20.0
-20064,37.0,19.0
-20048,39.0,13.0
-20032,37.0,14.0
-20016,38.0,17.0
-20000,39.0,18.0
-19984,36.0,24.0
-19968,38.0,22.0
-19952,37.0,13.0
-19936,38.0,17.0
-19920,37.0,18.0
-19904,36.0,17.0
-19888,40.0,14.0
-19872,37.0,16.0
-19856,40.0,16.0
-19840,41.0,16.0
-19824,38.0,20.0
-19808,38.0,15.0
-19792,40.0,13.0
-19776,34.0,18.0
-19760,37.0,20.0
-19744,37.0,18.0
-19728,34.0,20.0
-19712,36.0,18.0
-19696,38.0,20.0
-19680,36.0,15.0
-19664,36.0,17.0
-19648,38.0,15.0
-19632,36.0,18.0
-19616,35.0,17.0
-19600,34.0,16.0
-19584,37.0,14.0
-19568,36.0,13.0
-19552,34.0,15.0
-19536,35.0,8.0
-19520,33.0,18.0
-19504,37.0,13.0
-19488,36.0,16.0
-19472,35.0,16.0
-19456,37.0,17.0
-19440,38.0,16.0
-19424,39.0,17.0
-19408,35.0,14.0
-19392,40.0,17.0
-19376,38.0,16.0
-19360,38.0,15.0
-19344,34.0,14.0
-19328,38.0,14.0
-19312,36.0,13.0
-19296,38.0,10.0
-19280,36.0,14.0
-19264,36.0,13.0
-19248,38.0,14.0
-19232,34.0,17.0
-19216,34.0,19.0
-19200,41.0,15.0
-19184,39.0,12.0
-19168,37.0,15.0
-19152,34.0,13.0
-19136,36.0,12.0
-19120,36.0,16.0
-19104,38.0,15.0
-19088,36.0,15.0
-19072,37.0,11.0
-19056,40.0,14.0
-19040,36.0,10.0
-19024,35.0,15.0
-19008,33.0,13.0
-18992,35.0,15.0
-18976,35.0,16.0
-18960,36.0,13.0
-18944,36.0,14.0
-18928,34.0,9.0
-18912,36.0,19.0
-18896,37.0,11.0
-18880,33.0,12.0
-18864,36.0,16.0
-18848,33.0,13.0
-18832,37.0,16.0
-18816,34.0,16.0
-18800,35.0,14.0
-18784,35.0,10.0
-18768,37.0,14.0
-18752,40.0,14.0
-18736,36.0,13.0
-18720,32.0,11.0
-18704,38.0,9.0
-18688,33.0,12.0
-18672,35.0,14.0
-18656,37.0,15.0
-18640,33.0,18.0
-18624,31.0,12.0
-18608,35.0,12.0
-18592,35.0,17.0
-18576,37.0,15.0
-18560,35.0,13.0
-18544,33.0,15.0
-18528,38.0,16.0
-18512,34.0,12.0
-18496,35.0,13.0
-18480,38.0,12.0
-18464,32.0,12.0
-18448,35.0,16.0
-18432,31.0,14.0
-18416,34.0,10.0
-18400,36.0,6.0
-18384,30.0,14.0
-18368,34.0,14.0
-18352,34.0,16.0
-18336,35.0,13.0
-18320,33.0,11.0
-18304,35.0,12.0
-18288,30.0,10.0
-18272,33.0,10.0
-18256,35.0,12.0
-18240,36.0,10.0
-18224,32.0,14.0
-18208,30.0,9.0
-18192,35.0,12.0
-18176,34.0,12.0
-18160,34.0,9.0
-18144,37.0,10.0
-18128,33.0,16.0
-18112,36.0,12.0
-18096,35.0,14.0
-18080,34.0,12.0
-18064,33.0,14.0
-18048,33.0,10.0
-18032,34.0,14.0
-18016,32.0,11.0
-18000,37.0,12.0
-17984,34.0,17.0
-17968,35.0,9.0
-17952,28.0,12.0
-17936,35.0,14.0
-17920,34.0,5.0
-17904,32.0,12.0
-17888,34.0,11.0
-17872,35.0,11.0
-17856,32.0,10.0
-17840,34.0,11.0
-17824,34.0,6.0
-17808,33.0,14.0
-17792,35.0,10.0
-17776,36.0,10.0
-17760,38.0,13.0
-17744,30.0,15.0
-17728,31.0,14.0
-17712,35.0,10.0
-17696,31.0,9.0
-17680,32.0,13.0
-17664,31.0,11.0
-17648,35.0,13.0
-17632,34.0,8.0
-17616,33.0,8.0
-17600,35.0,10.0
-17584,37.0,11.0
-17568,38.0,9.0
-17552,30.0,4.0
-17536,34.0,7.0
-17520,36.0,14.0
-17504,34.0,8.0
-17488,36.0,11.0
-17472,35.0,9.0
-17456,35.0,13.0
-17440,34.0,10.0
-17424,30.0,9.0
-17408,32.0,11.0
-17392,27.0,9.0
-17376,36.0,10.0
-17360,32.0,8.0
-17344,33.0,11.0
-17328,33.0,8.0
-17312,33.0,10.0
-17296,33.0,6.0
-17280,34.0,12.0
-17264,37.0,11.0
-17248,33.0,9.0
-17232,33.0,6.0
-17216,34.0,8.0
-17200,33.0,7.0
-17184,38.0,2.0
-17168,29.0,7.0
-17152,29.0,10.0
-17136,34.0,10.0
-17120,32.0,6.0
-17104,35.0,5.0
-17088,33.0,11.0
-17072,34.0,7.0
-17056,31.0,8.0
-17040,32.0,5.0
-17024,31.0,10.0
-17008,35.0,11.0
-16992,32.0,9.0
-16976,35.0,9.0
-16960,28.0,11.0
-16944,32.0,10.0
-16928,34.0,6.0
-16912,32.0,8.0
-16896,34.0,7.0
-16880,35.0,7.0
-16864,30.0,7.0
-16848,31.0,12.0
-16832,32.0,6.0
-16816,31.0,10.0
-16800,28.0,7.0
-16784,39.0,5.0
-16768,36.0,11.0
-16752,33.0,6.0
-16736,34.0,8.0
-16720,27.0,3.0
-16704,31.0,10.0
-16688,34.0,10.0
-16672,33.0,7.0
-16656,35.0,8.0
-16640,32.0,6.0
-16624,29.0,8.0
-16608,33.0,8.0
-16592,33.0,8.0
-16576,32.0,10.0
-16560,34.0,9.0
-16544,31.0,8.0
-16528,34.0,8.0
-16512,34.0,8.0
-16496,26.0,10.0
-16480,29.0,10.0
-16464,33.0,6.0
-16448,33.0,6.0
-16432,29.0,12.0
-16416,29.0,8.0
-16400,32.0,8.0
-16384,32.0,8.0
-16368,33.0,9.0
-16352,31.0,6.0
-16336,34.0,9.0
-16320,35.0,8.0
-16304,29.0,4.0
-16288,31.0,9.0
-16272,33.0,3.0
-16256,31.0,8.0
-16240,36.0,5.0
-16224,29.0,4.0
-16208,30.0,7.0
-16192,28.0,7.0
-16176,32.0,9.0
-16160,32.0,8.0
-16144,33.0,6.0
-16128,33.0,7.0
-16112,30.0,2.0
-16096,32.0,9.0
-16080,33.0,7.0
-16064,33.0,4.0
-16048,29.0,3.0
-16032,31.0,6.0
-16016,30.0,8.0
-16000,30.0,6.0
-15984,28.0,6.0
-15968,29.0,4.0
-15952,37.0,7.0
-15936,34.0,3.0
-15920,30.0,12.0
-15904,29.0,9.0
-15888,32.0,3.0
-15872,30.0,5.0
-15856,31.0,7.0
-15840,27.0,4.0
-15824,29.0,6.0
-15808,34.0,8.0
-15792,30.0,6.0
-15776,29.0,6.0
-15760,31.0,3.0
-15744,30.0,4.0
-15728,26.0,5.0
-15712,29.0,5.0
-15696,32.0,6.0
-15680,31.0,3.0
-15664,30.0,3.0
-15648,30.0,6.0
-15632,31.0,4.0
-15616,27.0,4.0
-15600,26.0,10.0
-15584,28.0,8.0
-15568,27.0,8.0
-15552,31.0,3.0
-15536,30.0,2.0
-15520,28.0,5.0
-15504,31.0,1.0
-15488,29.0,6.0
-15472,28.0,6.0
-15456,31.0,-1.0
-15440,31.0,4.0
-15424,32.0,1.0
-15408,31.0,7.0
-15392,32.0,7.0
-15376,34.0,4.0
-15360,34.0,5.0
-15344,28.0,6.0
-15328,28.0,5.0
-15312,28.0,6.0
-15296,35.0,6.0
-15280,27.0,2.0
-15264,30.0,3.0
-15248,35.0,3.0
-15232,29.0,3.0
-15216,30.0,6.0
-15200,32.0,6.0
-15184,31.0,6.0
-15168,31.0,2.0
-15152,26.0,3.0
-15136,28.0,-1.0
-15120,26.0,6.0
-15104,30.0,7.0
-15088,31.0,1.0
-15072,29.0,1.0
-15056,24.0,2.0
-15040,30.0,6.0
-15024,27.0,-1.0
-15008,27.0,2.0
-14992,32.0,2.0
-14976,31.0,1.0
-14960,32.0,1.0
-14944,30.0,4.0
-14928,28.0,3.0
-14912,29.0,4.0
-14896,31.0,5.0
-14880,27.0,1.0
-14864,25.0,4.0
-14848,25.0,1.0
-14832,27.0,2.0
-14816,26.0,2.0
-14800,22.0,1.0
-14784,29.0,2.0
-14768,28.0,-1.0
-14752,27.0,0.0
-14736,27.0,4.0
-14720,31.0,-1.0
-14704,22.0,2.0
-14688,31.0,-1.0
-14672,28.0,5.0
-14656,26.0,3.0
-14640,27.0,2.0
-14624,26.0,1.0
-14608,25.0,4.0
-14592,27.0,6.0
-14576,28.0,0.0
-14560,27.0,2.0
-14544,31.0,-1.0
-14528,26.0,1.0
-14512,26.0,1.0
-14496,30.0,3.0
-14480,29.0,4.0
-14464,29.0,0.0
-14448,24.0,2.0
-14432,28.0,4.0
-14416,26.0,5.0
-14400,28.0,1.0
-14384,27.0,-3.0
-14368,26.0,0.0
-14352,29.0,3.0
-14336,25.0,2.0
-14320,28.0,-2.0
-14304,28.0,-2.0
-14288,24.0,3.0
-14272,27.0,4.0
-14256,28.0,2.0
-14240,26.0,0.0
-14224,24.0,6.0
-14208,29.0,2.0
-14192,29.0,1.0
-14176,30.0,4.0
-14160,29.0,1.0
-14144,28.0,3.0
-14128,23.0,-1.0
-14112,25.0,1.0
-14096,23.0,1.0
-14080,23.0,-1.0
-14064,26.0,1.0
-14048,29.0,1.0
-14032,27.0,1.0
-14016,26.0,2.0
-14000,29.0,0.0
-13984,28.0,0.0
-13968,29.0,0.0
-13952,26.0,1.0
-13936,25.0,3.0
-13920,29.0,3.0
-13904,25.0,4.0
-13888,30.0,4.0
-13872,26.0,-1.0
-13856,26.0,1.0
-13840,28.0,-1.0
-13824,27.0,2.0
-13808,27.0,1.0
-13792,27.0,-3.0
-13776,31.0,-1.0
-13760,22.0,1.0
-13744,24.0,0.0
-13728,24.0,0.0
-13712,29.0,2.0
-13696,26.0,0.0
-13680,27.0,-4.0
-13664,27.0,-2.0
-13648,28.0,-4.0
-13632,27.0,-1.0
-13616,24.0,-2.0
-13600,26.0,0.0
-13584,27.0,-1.0
-13568,25.0,3.0
-13552,24.0,-1.0
-13536,27.0,3.0
-13520,24.0,1.0
-13504,26.0,1.0
-13488,23.0,-5.0
-13472,24.0,4.0
-13456,22.0,1.0
-13440,27.0,-2.0
-13424,26.0,0.0
-13408,24.0,-3.0
-13392,27.0,0.0
-13376,24.0,-1.0
-13360,22.0,1.0
-13344,26.0,0.0
-13328,24.0,-1.0
-13312,24.0,0.0
-13296,22.0,-4.0
-13280,25.0,-2.0
-13264,21.0,1.0
-13248,25.0,-4.0
-13232,24.0,-5.0
-13216,26.0,0.0
-13200,26.0,-5.0
-13184,29.0,0.0
-13168,24.0,-3.0
-13152,22.0,-4.0
-13136,25.0,1.0
-13120,28.0,-2.0
-13104,26.0,-6.0
-13088,23.0,-2.0
-13072,27.0,-3.0
-13056,29.0,-4.0
-13040,28.0,0.0
-13024,26.0,-3.0
-13008,27.0,-3.0
-12992,26.0,0.0
-12976,27.0,-2.0
-12960,26.0,0.0
-12944,26.0,-1.0
-12928,26.0,0.0
-12912,25.0,-3.0
-12896,23.0,0.0
-12880,21.0,-6.0
-12864,20.0,-2.0
-12848,24.0,2.0
-12832,23.0,-4.0
-12816,28.0,0.0
-12800,23.0,-1.0
-12784,24.0,-2.0
-12768,24.0,0.0
-12752,27.0,-5.0
-12736,23.0,-4.0
-12720,24.0,-4.0
-12704,24.0,-6.0
-12688,25.0,-6.0
-12672,26.0,-6.0
-12656,25.0,-6.0
-12640,22.0,-3.0
-12624,25.0,-2.0
-12608,24.0,-4.0
-12592,24.0,-3.0
-12576,24.0,-6.0
-12560,23.0,-4.0
-12544,21.0,-5.0
-12528,27.0,-2.0
-12512,26.0,-4.0
-12496,22.0,3.0
-12480,22.0,-6.0
-12464,20.0,-7.0
-12448,23.0,-4.0
-12432,29.0,-8.0
-12416,22.0,-4.0
-12400,19.0,-5.0
-12384,27.0,-5.0
-12368,22.0,0.0
-12352,25.0,-2.0
-12336,22.0,-4.0
-12320,24.0,-2.0
-12304,24.0,-5.0
-12288,24.0,-5.0
-12272,20.0,-4.0
-12256,23.0,4.0
-12240,22.0,-7.0
-12224,23.0,-3.0
-12208,21.0,-3.0
-12192,22.0,0.0
-12176,23.0,-3.0
-12160,22.0,-5.0
-12144,20.0,-5.0
-12128,24.0,-5.0
-12112,23.0,-3.0
-12096,22.0,-3.0
-12080,23.0,-4.0
-12064,19.0,-1.0
-12048,21.0,-7.0
-12032,25.0,-2.0
-12016,24.0,-4.0
-12000,24.0,-6.0
-11984,22.0,-2.0
-11968,26.0,-3.0
-11952,20.0,-8.0
-11936,18.0,-9.0
-11920,23.0,-4.0
-11904,22.0,-7.0
-11888,23.0,-3.0
-11872,25.0,-4.0
-11856,22.0,-7.0
-11840,25.0,-4.0
-11824,24.0,-5.0
-11808,23.0,-6.0
-11792,23.0,-2.0
-11776,25.0,-5.0
-11760,26.0,-9.0
-11744,25.0,-2.0
-11728,24.0,-2.0
-11712,19.0,-6.0
-11696,20.0,-7.0
-11680,22.0,-4.0
-11664,24.0,-4.0
-11648,23.0,-5.0
-11632,25.0,-6.0
-11616,24.0,-7.0
-11600,18.0,-5.0
-11584,21.0,-9.0
-11568,22.0,-8.0
-11552,19.0,-6.0
-11536,25.0,-3.0
-11520,22.0,-3.0
-11504,25.0,0.0
-11488,22.0,-8.0
-11472,21.0,-7.0
-11456,22.0,-4.0
-11440,22.0,-5.0
-11424,20.0,-2.0
-11408,22.0,-7.0
-11392,21.0,-5.0
-11376,22.0,-10.0
-11360,20.0,-9.0
-11344,21.0,-4.0
-11328,20.0,-9.0
-11312,24.0,-5.0
-11296,17.0,-5.0
-11280,21.0,-11.0
-11264,20.0,-7.0
-11248,22.0,-3.0
-11232,21.0,-10.0
-11216,19.0,-3.0
-11200,23.0,-7.0
-11184,21.0,-8.0
-11168,21.0,-11.0
-11152,20.0,-2.0
-11136,24.0,-6.0
-11120,22.0,-4.0
-11104,19.0,-7.0
-11088,22.0,-12.0
-11072,17.0,-4.0
-11056,21.0,-4.0
-11040,19.0,-3.0
-11024,16.0,-7.0
-11008,19.0,-10.0
-10992,14.0,-8.0
-10976,20.0,-8.0
-10960,18.0,-11.0
-10944,22.0,-8.0
-10928,20.0,-5.0
-10912,21.0,-8.0
-10896,25.0,-3.0
-10880,20.0,-6.0
-10864,20.0,-4.0
-10848,19.0,-9.0
-10832,21.0,-6.0
-10816,22.0,-11.0
-10800,19.0,-8.0
-10784,21.0,-9.0
-10768,19.0,-4.0
-10752,19.0,-6.0
-10736,20.0,-11.0
-10720,18.0,-10.0
-10704,22.0,-7.0
-10688,17.0,-11.0
-10672,20.0,-6.0
-10656,15.0,-4.0
-10640,19.0,-9.0
-10624,26.0,-12.0
-10608,20.0,-10.0
-10592,20.0,-6.0
-10576,19.0,-7.0
-10560,21.0,-7.0
-10544,18.0,-9.0
-10528,23.0,-7.0
-10512,24.0,-12.0
-10496,21.0,-9.0
-10480,21.0,-8.0
-10464,18.0,-6.0
-10448,20.0,-12.0
-10432,22.0,-12.0
-10416,18.0,-3.0
-10400,22.0,-7.0
-10384,17.0,-5.0
-10368,17.0,-10.0
-10352,18.0,-10.0
-10336,17.0,-9.0
-10320,20.0,-8.0
-10304,19.0,-9.0
-10288,21.0,-7.0
-10272,19.0,-14.0
-10256,18.0,-8.0
-10240,18.0,-10.0
-10224,26.0,-5.0
-10208,18.0,-8.0
-10192,19.0,-9.0
-10176,21.0,-6.0
-10160,19.0,-11.0
-10144,21.0,-8.0
-10128,17.0,-11.0
-10112,21.0,-8.0
-10096,20.0,-12.0
-10080,18.0,-5.0
-10064,18.0,-11.0
-10048,20.0,-9.0
-10032,14.0,-11.0
-10016,21.0,-9.0
-10000,22.0,-9.0
-9984,21.0,-7.0
-9968,15.0,-9.0
-9952,20.0,-10.0
-9936,16.0,-11.0
-9920,14.0,-11.0
-9904,18.0,-8.0
-9888,16.0,-12.0
-9872,15.0,-8.0
-9856,16.0,-8.0
-9840,16.0,-6.0
-9824,20.0,-12.0
-9808,18.0,-11.0
-9792,19.0,-13.0
-9776,20.0,-8.0
-9760,20.0,-10.0
-9744,20.0,-8.0
-9728,16.0,-7.0
-9712,23.0,-12.0
-9696,15.0,-10.0
-9680,14.0,-7.0
-9664,19.0,-5.0
-9648,20.0,-8.0
-9632,17.0,-8.0
-9616,16.0,-9.0
-9600,18.0,-11.0
-9584,18.0,-13.0
-9568,21.0,-10.0
-9552,21.0,-10.0
-9536,15.0,-9.0
-9520,14.0,-12.0
-9504,16.0,-11.0
-9488,17.0,-11.0
-9472,20.0,-11.0
-9456,14.0,-11.0
-9440,16.0,-9.0
-9424,18.0,-8.0
-9408,22.0,-12.0
-9392,15.0,-11.0
-9376,18.0,-10.0
-9360,19.0,-10.0
-9344,16.0,-10.0
-9328,16.0,-10.0
-9312,19.0,-12.0
-9296,16.0,-13.0
-9280,20.0,-9.0
-9264,18.0,-14.0
-9248,17.0,-12.0
-9232,16.0,-10.0
-9216,20.0,-17.0
-9200,16.0,-12.0
-9184,15.0,-9.0
-9168,18.0,-9.0
-9152,16.0,-9.0
-9136,17.0,-11.0
-9120,20.0,-11.0
-9104,19.0,-10.0
-9088,18.0,-11.0
-9072,12.0,-9.0
-9056,15.0,-12.0
-9040,18.0,-10.0
-9024,20.0,-7.0
-9008,14.0,-10.0
-8992,17.0,-13.0
-8976,20.0,-9.0
-8960,11.0,-11.0
-8944,19.0,-15.0
-8928,15.0,-14.0
-8912,15.0,-14.0
-8896,18.0,-11.0
-8880,17.0,-15.0
-8864,18.0,-10.0
-8848,13.0,-14.0
-8832,17.0,-10.0
-8816,16.0,-16.0
-8800,12.0,-11.0
-8784,15.0,-13.0
-8768,19.0,-13.0
-8752,15.0,-14.0
-8736,18.0,-12.0
-8720,19.0,-14.0
-8704,17.0,-8.0
-8688,13.0,-12.0
-8672,17.0,-14.0
-8656,18.0,-11.0
-8640,14.0,-11.0
-8624,11.0,-9.0
-8608,17.0,-9.0
-8592,15.0,-14.0
-8576,12.0,-11.0
-8560,15.0,-12.0
-8544,16.0,-14.0
-8528,13.0,-16.0
-8512,16.0,-16.0
-8496,15.0,-13.0
-8480,19.0,-14.0
-8464,17.0,-12.0
-8448,14.0,-13.0
-8432,16.0,-12.0
-8416,13.0,-14.0
-8400,13.0,-13.0
-8384,16.0,-14.0
-8368,14.0,-12.0
-8352,16.0,-15.0
-8336,13.0,-13.0
-8320,16.0,-11.0
-8304,14.0,-9.0
-8288,13.0,-13.0
-8272,15.0,-10.0
-8256,14.0,-13.0
-8240,18.0,-16.0
-8224,16.0,-13.0
-8208,16.0,-12.0
-8192,15.0,-15.0
-8176,14.0,-12.0
-8160,15.0,-12.0
-8144,11.0,-13.0
-8128,12.0,-16.0
-8112,15.0,-17.0
-8096,14.0,-15.0
-8080,15.0,-15.0
-8064,14.0,-12.0
-8048,11.0,-16.0
-8032,14.0,-14.0
-8016,10.0,-13.0
-8000,16.0,-15.0
-7984,18.0,-18.0
-7968,16.0,-11.0
-7952,15.0,-11.0
-7936,12.0,-13.0
-7920,15.0,-11.0
-7904,16.0,-13.0
-7888,14.0,-18.0
-7872,11.0,-16.0
-7856,16.0,-13.0
-7840,16.0,-16.0
-7824,13.0,-15.0
-7808,18.0,-16.0
-7792,13.0,-20.0
-7776,12.0,-18.0
-7760,17.0,-18.0
-7744,12.0,-17.0
-7728,17.0,-15.0
-7712,14.0,-12.0
-7696,15.0,-13.0
-7680,15.0,-15.0
-7664,10.0,-16.0
-7648,15.0,-16.0
-7632,12.0,-15.0
-7616,14.0,-15.0
-7600,13.0,-15.0
-7584,12.0,-16.0
-7568,19.0,-14.0
-7552,15.0,-16.0
-7536,14.0,-14.0
-7520,16.0,-16.0
-7504,14.0,-16.0
-7488,10.0,-17.0
-7472,11.0,-18.0
-7456,13.0,-13.0
-7440,15.0,-13.0
-7424,16.0,-21.0
-7408,14.0,-17.0
-7392,12.0,-17.0
-7376,16.0,-16.0
-7360,10.0,-16.0
-7344,7.0,-15.0
-7328,11.0,-14.0
-7312,15.0,-16.0
-7296,11.0,-17.0
-7280,11.0,-16.0
-7264,11.0,-17.0
-7248,12.0,-17.0
-7232,12.0,-11.0
-7216,11.0,-16.0
-7200,9.0,-19.0
-7184,9.0,-15.0
-7168,12.0,-15.0
-7152,12.0,-18.0
-7136,14.0,-12.0
-7120,13.0,-16.0
-7104,10.0,-20.0
-7088,13.0,-17.0
-7072,9.0,-20.0
-7056,11.0,-18.0
-7040,12.0,-16.0
-7024,14.0,-18.0
-7008,15.0,-16.0
-6992,13.0,-17.0
-6976,14.0,-16.0
-6960,10.0,-15.0
-6944,11.0,-15.0
-6928,13.0,-12.0
-6912,13.0,-17.0
-6896,12.0,-16.0
-6880,7.0,-13.0
-6864,11.0,-14.0
-6848,13.0,-16.0
-6832,13.0,-17.0
-6816,13.0,-18.0
-6800,13.0,-16.0
-6784,14.0,-17.0
-6768,9.0,-16.0
-6752,11.0,-13.0
-6736,11.0,-20.0
-6720,12.0,-13.0
-6704,15.0,-18.0
-6688,12.0,-20.0
-6672,8.0,-13.0
-6656,10.0,-16.0
-6640,10.0,-14.0
-6624,13.0,-19.0
-6608,11.0,-12.0
-6592,12.0,-17.0
-6576,11.0,-17.0
-6560,14.0,-17.0
-6544,11.0,-20.0
-6528,14.0,-20.0
-6512,10.0,-19.0
-6496,12.0,-18.0
-6480,10.0,-16.0
-6464,10.0,-18.0
-6448,14.0,-20.0
-6432,15.0,-21.0
-6416,10.0,-21.0
-6400,8.0,-18.0
-6384,11.0,-19.0
-6368,15.0,-20.0
-6352,11.0,-20.0
-6336,8.0,-23.0
-6320,14.0,-18.0
-6304,12.0,-20.0
-6288,13.0,-25.0
-6272,6.0,-20.0
-6256,13.0,-20.0
-6240,11.0,-18.0
-6224,8.0,-13.0
-6208,11.0,-20.0
-6192,10.0,-16.0
-6176,11.0,-19.0
-6160,10.0,-21.0
-6144,17.0,-18.0
-6128,13.0,-16.0
-6112,11.0,-21.0
-6096,10.0,-23.0
-6080,13.0,-19.0
-6064,10.0,-25.0
-6048,6.0,-20.0
-6032,10.0,-15.0
-6016,8.0,-20.0
-6000,11.0,-22.0
-5984,7.0,-20.0
-5968,10.0,-18.0
-5952,13.0,-19.0
-5936,9.0,-17.0
-5920,9.0,-23.0
-5904,10.0,-18.0
-5888,11.0,-21.0
-5872,12.0,-18.0
-5856,5.0,-22.0
-5840,11.0,-19.0
-5824,10.0,-16.0
-5808,12.0,-20.0
-5792,8.0,-22.0
-5776,11.0,-24.0
-5760,9.0,-20.0
-5744,13.0,-17.0
-5728,8.0,-21.0
-5712,10.0,-18.0
-5696,11.0,-23.0
-5680,10.0,-19.0
-5664,10.0,-20.0
-5648,5.0,-23.0
-5632,6.0,-24.0
-5616,10.0,-22.0
-5600,12.0,-22.0
-5584,9.0,-20.0
-5568,7.0,-20.0
-5552,8.0,-24.0
-5536,13.0,-25.0
-5520,6.0,-19.0
-5504,9.0,-20.0
-5488,13.0,-19.0
-5472,8.0,-21.0
-5456,11.0,-19.0
-5440,8.0,-21.0
-5424,13.0,-18.0
-5408,6.0,-22.0
-5392,11.0,-26.0
-5376,8.0,-21.0
-5360,12.0,-24.0
-5344,9.0,-22.0
-5328,4.0,-20.0
-5312,12.0,-20.0
-5296,11.0,-24.0
-5280,14.0,-24.0
-5264,8.0,-17.0
-5248,11.0,-24.0
-5232,9.0,-22.0
-5216,7.0,-21.0
-5200,7.0,-26.0
-5184,10.0,-20.0
-5168,9.0,-25.0
-5152,11.0,-28.0
-5136,6.0,-22.0
-5120,5.0,-19.0
-5104,9.0,-21.0
-5088,8.0,-20.0
-5072,8.0,-21.0
-5056,8.0,-18.0
-5040,8.0,-19.0
-5024,11.0,-25.0
-5008,9.0,-24.0
-4992,8.0,-25.0
-4976,8.0,-21.0
-4960,9.0,-20.0
-4944,8.0,-19.0
-4928,8.0,-22.0
-4912,8.0,-19.0
-4896,8.0,-26.0
-4880,7.0,-23.0
-4864,8.0,-27.0
-4848,8.0,-22.0
-4832,7.0,-23.0
-4816,12.0,-20.0
-4800,7.0,-23.0
-4784,8.0,-23.0
-4768,9.0,-21.0
-4752,10.0,-26.0
-4736,8.0,-19.0
-4720,9.0,-23.0
-4704,9.0,-22.0
-4688,10.0,-23.0
-4672,5.0,-23.0
-4656,12.0,-21.0
-4640,9.0,-24.0
-4624,8.0,-26.0
-4608,3.0,-24.0
-4592,5.0,-28.0
-4576,7.0,-28.0
-4560,10.0,-21.0
-4544,4.0,-23.0
-4528,2.0,-25.0
-4512,7.0,-24.0
-4496,8.0,-23.0
-4480,5.0,-17.0
-4464,6.0,-19.0
-4448,4.0,-21.0
-4432,7.0,-27.0
-4416,8.0,-21.0
-4400,8.0,-25.0
-4384,6.0,-26.0
-4368,5.0,-26.0
-4352,3.0,-23.0
-4336,2.0,-26.0
-4320,10.0,-21.0
-4304,10.0,-19.0
-4288,9.0,-23.0
-4272,9.0,-23.0
-4256,7.0,-29.0
-4240,6.0,-26.0
-4224,6.0,-26.0
-4208,7.0,-22.0
-4192,4.0,-25.0
-4176,5.0,-23.0
-4160,7.0,-27.0
-4144,6.0,-26.0
-4128,3.0,-24.0
-4112,6.0,-29.0
-4096,4.0,-23.0
-4080,9.0,-25.0
-4064,7.0,-27.0
-4048,5.0,-23.0
-4032,5.0,-25.0
-4016,5.0,-24.0
-4000,5.0,-25.0
-3984,8.0,-24.0
-3968,8.0,-21.0
-3952,8.0,-26.0
-3936,8.0,-27.0
-3920,6.0,-27.0
-3904,7.0,-26.0
-3888,10.0,-25.0
-3872,7.0,-25.0
-3856,6.0,-24.0
-3840,4.0,-26.0
-3824,5.0,-23.0
-3808,6.0,-23.0
-3792,6.0,-27.0
-3776,4.0,-25.0
-3760,7.0,-26.0
-3744,4.0,-22.0
-3728,8.0,-29.0
-3712,5.0,-25.0
-3696,9.0,-24.0
-3680,3.0,-27.0
-3664,5.0,-22.0
-3648,6.0,-26.0
-3632,5.0,-25.0
-3616,7.0,-20.0
-3600,7.0,-29.0
-3584,4.0,-24.0
-3568,1.0,-23.0
-3552,7.0,-25.0
-3536,4.0,-23.0
-3520,4.0,-25.0
-3504,1.0,-27.0
-3488,7.0,-27.0
-3472,7.0,-22.0
-3456,5.0,-24.0
-3440,6.0,-28.0
-3424,-1.0,-27.0
-3408,3.0,-26.0
-3392,8.0,-25.0
-3376,6.0,-25.0
-3360,5.0,-28.0
-3344,6.0,-29.0
-3328,6.0,-29.0
-3312,1.0,-25.0
-3296,6.0,-27.0
-3280,7.0,-26.0
-3264,3.0,-25.0
-3248,7.0,-27.0
-3232,4.0,-29.0
-3216,4.0,-27.0
-3200,3.0,-26.0
-3184,1.0,-27.0
-3168,2.0,-29.0
-3152,2.0,-26.0
-3136,8.0,-27.0
-3120,2.0,-28.0
-3104,5.0,-28.0
-3088,1.0,-25.0
-3072,7.0,-28.0
-3056,3.0,-25.0
-3040,2.0,-23.0
-3024,2.0,-26.0
-3008,3.0,-26.0
-2992,3.0,-26.0
-2976,1.0,-28.0
-2960,5.0,-24.0
-2944,5.0,-25.0
-2928,0.0,-28.0
-2912,0.0,-27.0
-2896,5.0,-28.0
-2880,6.0,-24.0
-2864,4.0,-28.0
-2848,8.0,-29.0
-2832,7.0,-29.0
-2816,0.0,-26.0
-2800,6.0,-23.0
-2784,4.0,-30.0
-2768,2.0,-30.0
-2752,6.0,-28.0
-2736,0.0,-29.0
-2720,4.0,-25.0
-2704,2.0,-29.0
-2688,6.0,-30.0
-2672,2.0,-30.0
-2656,4.0,-29.0
-2640,1.0,-28.0
-2624,1.0,-27.0
-2608,-1.0,-26.0
-2592,4.0,-26.0
-2576,0.0,-28.0
-2560,2.0,-27.0
-2544,3.0,-29.0
-2528,5.0,-30.0
-2512,3.0,-26.0
-2496,4.0,-27.0
-2480,5.0,-27.0
-2464,3.0,-29.0
-2448,4.0,-29.0
-2432,5.0,-28.0
-2416,2.0,-27.0
-2400,3.0,-23.0
-2384,3.0,-35.0
-2368,2.0,-29.0
-2352,3.0,-27.0
-2336,3.0,-29.0
-2320,4.0,-28.0
-2304,-1.0,-30.0
-2288,1.0,-26.0
-2272,2.0,-27.0
-2256,1.0,-32.0
-2240,-2.0,-30.0
-2224,3.0,-25.0
-2208,1.0,-31.0
-2192,4.0,-26.0
-2176,1.0,-31.0
-2160,2.0,-29.0
-2144,0.0,-32.0
-2128,3.0,-31.0
-2112,3.0,-30.0
-2096,0.0,-29.0
-2080,5.0,-26.0
-2064,2.0,-31.0
-2048,7.0,-31.0
-2032,0.0,-33.0
-2016,1.0,-31.0
-2000,4.0,-27.0
-1984,3.0,-30.0
-1968,-2.0,-31.0
-1952,1.0,-31.0
-1936,2.0,-28.0
-1920,-3.0,-27.0
-1904,0.0,-34.0
-1888,-3.0,-34.0
-1872,4.0,-35.0
-1856,2.0,-27.0
-1840,3.0,-27.0
-1824,3.0,-28.0
-1808,3.0,-33.0
-1792,1.0,-30.0
-1776,4.0,-31.0
-1760,0.0,-32.0
-1744,1.0,-25.0
-1728,2.0,-30.0
-1712,2.0,-30.0
-1696,7.0,-28.0
-1680,0.0,-32.0
-1664,-1.0,-29.0
-1648,-1.0,-31.0
-1632,4.0,-29.0
-1616,0.0,-30.0
-1600,1.0,-31.0
-1584,3.0,-31.0
-1568,4.0,-34.0
-1552,4.0,-32.0
-1536,3.0,-30.0
-1520,2.0,-33.0
-1504,1.0,-25.0
-1488,-1.0,-33.0
-1472,2.0,-29.0
-1456,4.0,-30.0
-1440,1.0,-28.0
-1424,-1.0,-29.0
-1408,2.0,-31.0
-1392,1.0,-28.0
-1376,1.0,-33.0
-1360,5.0,-32.0
-1344,-1.0,-34.0
-1328,0.0,-30.0
-1312,2.0,-32.0
-1296,2.0,-34.0
-1280,0.0,-29.0
-1264,-1.0,-34.0
-1248,-2.0,-31.0
-1232,-2.0,-32.0
-1216,0.0,-32.0
-1200,0.0,-31.0
-1184,1.0,-31.0
-1168,-5.0,-29.0
-1152,2.0,-38.0
-1136,2.0,-32.0
-1120,1.0,-32.0
-1104,3.0,-33.0
-1088,2.0,-32.0
-1072,2.0,-28.0
-1056,-1.0,-29.0
-1040,4.0,-31.0
-1024,1.0,-39.0
-1008,1.0,-37.0
-992,2.0,-32.0
-976,3.0,-28.0
-960,2.0,-33.0
-944,1.0,-29.0
-928,2.0,-38.0
-912,3.0,-41.0
-896,2.0,-33.0
-880,-1.0,-32.0
-864,-2.0,-34.0
-848,0.0,-26.0
-832,0.0,-22.0
-816,-2.0,-33.0
-800,1.0,-34.0
-784,0.0,-27.0
-768,0.0,-38.0
-752,-1.0,-36.0
-736,0.0,-38.0
-720,-1.0,-34.0
-704,-4.0,-34.0
-688,1.0,-33.0
-672,2.0,-40.0
-656,0.0,-35.0
-640,-1.0,-36.0
-624,1.0,-31.0
-608,3.0,-32.0
-592,-3.0,-36.0
-576,-4.0,-31.0
-560,-1.0,-32.0
-544,0.0,-31.0
-528,-3.0,-34.0
-512,0.0,-35.0
-496,-2.0,-32.0
-480,-5.0,-35.0
-464,-3.0,-32.0
-448,-1.0,-35.0
-432,2.0,-30.0
-416,2.0,-31.0
-400,-3.0,-34.0
-384,-4.0,-30.0
-368,-2.0,-35.0
-352,-1.0,-33.0
-336,-1.0,-29.0
-320,0.0,-35.0
-304,-3.0,-30.0
-288,-4.0,-34.0
-272,-5.0,-34.0
-256,-2.0,-31.0
-240,1.0,-35.0
-224,-1.0,-36.0
-208,-2.0,-33.0
-192,-4.0,-36.0
-176,-4.0,-35.0
-160,-1.0,-32.0
-144,-1.0,-31.0
-128,-3.0,-34.0
-112,-4.0,-38.0
-96,0.0,-34.0
-80,-2.0,-29.0
-64,-3.0,-32.0
-48,-6.0,-33.0
-32,-4.0,-39.0
-16,-2.0,-34.0
0,-2.0,-37.0
16,-2.0,-37.0
32,-1.0,-36.0
48,0.0,-40.0
64,1.0,-26.0
80,0.0,-38.0
96,-4.0,-33.0
112,-4.0,-34.0
128,-1.0,-39.0
144,1.0,-34.0
160,-3.0,-28.0
176,-8.0,-38.0
192,-2.0,-36.0
208,-2.0,-41.0
224,-2.0,-39.0
240,-1.0,-34.0
256,-2.0,-32.0
272,-1.0,-35.0
288,-3.0,-36.0
304,-4.0,-36.0
320,-4.0,-34.0
336,-6.0,-34.0
352,-3.0,-38.0
368,-2.0,-33.0
384,-5.0,-35.0
400,-4.0,-34.0
416,-6.0,-34.0
432,-1.0,-34.0
448,0.0,-30.0
464,0.0,-37.0
480,0.0,-39.0
496,-2.0,-35.0
512,-7.0,-37.0
528,-5.0,-37.0
544,-2.0,-40.0
560,-4.0,-34.0
576,-2.0,-38.0
592,3.0,-33.0
608,-5.0,-36.0
624,-4.0,-35.0
640,-2.0,-40.0
656,-5.0,-40.0
672,-2.0,-34.0
688,-5.0,-39.0
704,0.0,-36.0
720,-2.0,-41.0
736,-3.0,-38.0
752,-4.0,-37.0
768,-4.0,-41.0
784,-4.0,-37.0
800,-6.0,-35.0
816,-4.0,-37.0
832,-7.0,-34.0
848,-1.0,-40.0
864,-4.0,-45.0
880,-6.0,-31.0
896,-3.0,-30.0
912,-2.0,-38.0
928,-6.0,-36.0
944,-2.0,-37.0
960,-4.0,-36.0
976,-2.0,-33.0
992,0.0,-37.0
1008,-9.0,-35.0
1024,-1.0,-39.0
1040,-6.0,-37.0
1056,-4.0,-34.0
1072,-4.0,-39.0
1088,-4.0,-43.0
1104,-8.0,-36.0
1120,-4.0,-37.0
1136,-3.0,-33.0
1152,-4.0,-41.0
1168,-5.0,-40.0
1184,-4.0,-32.0
1200,-4.0,-40.0
1216,-5.0,-35.0
1232,-6.0,-36.0
1248,-7.0,-39.0
1264,-2.0,-42.0
1280,-5.0,-43.0
1296,-6.0,-35.0
1312,-2.0,-38.0
1328,-3.0,-39.0
1344,-4.0,-41.0
1360,-6.0,-37.0
1376,-4.0,-35.0
1392,-5.0,-41.0
1408,-5.0,-41.0
1424,-4.0,-37.0
1440,-8.0,-37.0
1456,-5.0,-41.0
1472,-7.0,-37.0
1488,-4.0,-42.0
1504,-5.0,-42.0
1520,-7.0,-40.0
1536,-6.0,-40.0
1552,-4.0,-42.0
1568,-8.0,-37.0
1584,-8.0,-41.0
1600,-5.0,-36.0
1616,-4.0,-41.0
1632,-7.0,-40.0
1648,-4.0,-35.0
1664,-7.0,-44.0
1680,-4.0,-37.0
1696,-8.0,-39.0
1712,-5.0,-39.0
1728,-7.0,-35.0
1744,-6.0,-29.0
1760,-4.0,-35.0
1776,-3.0,-41.0
1792,-6.0,-36.0
1808,-5.0,-39.0
1824,-7.0,-44.0
1840,-5.0,-35.0
1856,-6.0,-39.0
1872,-6.0,-43.0
1888,-5.0,-40.0
1904,-5.0,-38.0
1920,-8.0,-40.0
1936,-4.0,-40.0
1952,-10.0,-42.0
1968,-6.0,-45.0
1984,-9.0,-36.0
2000,-5.0,-42.0
2016,-8.0,-36.0
2032,-3.0,-43.0
2048,-8.0,-40.0
2064,-7.0,-41.0
2080,-8.0,-36.0
2096,-4.0,-43.0
2112,-6.0,-44.0
2128,-12.0,-37.0
2144,-6.0,-37.0
2160,-9.0,-40.0
2176,-9.0,-38.0
2192,-6.0,-40.0
2208,-7.0,-41.0
2224,-4.0,-41.0
2240,-7.0,-43.0
2256,-6.0,-39.0
2272,-6.0,-42.0
2288,-8.0,-39.0
2304,-7.0,-37.0
2320,-5.0,-41.0
2336,-9.0,-44.0
2352,-13.0,-39.0
2368,-5.0,-40.0
2384,-8.0,-41.0
2400,-4.0,-43.0
2416,-10.0,-37.0
2432,-7.0,-38.0
2448,-9.0,-45.0
2464,-8.0,-42.0
2480,-5.0,-42.0
2496,-10.0,-41.0
2512,-12.0,-42.0
2528,-9.0,-41.0
2544,-12.0,-46.0
2560,-10.0,-40.0
2576,-7.0,-40.0
2592,-9.0,-42.0
2608,-10.0,-40.0
2624,-6.0,-42.0
2640,-7.0,-39.0
2656,-5.0,-43.0
2672,-9.0,-36.0
2688,-8.0,-40.0
2704,-12.0,-46.0
2720,-7.0,-47.0
2736,-7.0,-46.0
2752,-10.0,-40.0
2768,-11.0,-39.0
2784,-7.0,-39.0
2800,-6.0,-40.0
2816,-6.0,-39.0
2832,-9.0,-42.0
2848,-9.0,-41.0
2864,-6.0,-37.0
2880,-7.0,-41.0
2896,-9.0,-43.0
2912,-10.0,-39.0
2928,-13.0,-44.0
2944,-13.0,-36.0
2960,-10.0,-41.0
2976,-12.0,-39.0
2992,-8.0,-45.0
3008,-10.0,-39.0
3024,-8.0,-47.0
3040,-7.0,-44.0
3056,-7.0,-44.0
3072,-10.0,-41.0
3088,-12.0,-39.0
3104,-9.0,-41.0
3120,-14.0,-44.0
3136,-10.0,-43.0
3152,-7.0,-44.0
3168,-10.0,-43.0
3184,-11.0,-44.0
3200,-8.0,-46.0
3216,-6.0,-42.0
3232,-9.0,-46.0
3248,-8.0,-44.0
3264,-10.0,-41.0
3280,-7.0,-49.0
3296,-10.0,-40.0
3312,-11.0,-41.0
3328,-10.0,-44.0
3344,-9.0,-38.0
3360,-11.0,-39.0
3376,-10.0,-40.0
3392,-6.0,-43.0
3408,-10.0,-40.0
3424,-7.0,-42.0
3440,-7.0,-41.0
3456,-9.0,-40.0
3472,-9.0,-37.0
3488,-13.0,-40.0
3504,-11.0,-42.0
3520,-14.0,-43.0
3536,-15.0,-44.0
3552,-12.0,-43.0
3568,-9.0,-43.0
3584,-9.0,-39.0
3600,-10.0,-47.0
3616,-7.0,-40.0
3632,-15.0,-41.0
3648,-8.0,-48.0
3664,-8.0,-46.0
3680,-9.0,-40.0
3696,-6.0,-42.0
3712,-10.0,-49.0
3728,-11.0,-48.0
3744,-12.0,-48.0
3760,-7.0,-40.0
3776,-7.0,-48.0
3792,-11.0,-42.0
3808,-8.0,-39.0
3824,-12.0,-46.0
3840,-11.0,-47.0
3856,-11.0,-44.0
3872,-11.0,-39.0
3888,-9.0,-42.0
3904,-13.0,-47.0
3920,-10.0,-44.0
3936,-7.0,-47.0
3952,-12.0,-40.0
3968,-10.0,-39.0
3984,-14.0,-38.0
4000,-7.0,-48.0
4016,-13.0,-45.0
4032,-7.0,-46.0
4048,-13.0,-43.0
4064,-15.0,-44.0
4080,-12.0,-45.0
4096,-16.0,-45.0
4112,-12.0,-45.0
4128,-12.0,-43.0
4144,-10.0,-42.0
4160,-14.0,-46.0
4176,-12.0,-45.0
4192,-12.0,-44.0
4208,-13.0,-47.0
4224,-9.0,-45.0
4240,-14.0,-46.0
4256,-10.0,-50.0
4272,-11.0,-42.0
4288,-16.0,-44.0
4304,-12.0,-42.0
4320,-14.0,-50.0
4336,-11.0,-44.0
4352,-12.0,-45.0
4368,-12.0,-46.0
4384,-10.0,-46.0
4400,-11.0,-45.0
4416,-14.0,-41.0
4432,-16.0,-51.0
4448,-12.0,-51.0
4464,-11.0,-41.0
4480,-11.0,-44.0
4496,-14.0,-48.0
4512,-15.0,-44.0
4528,-13.0,-46.0
4544,-6.0,-50.0
4560,-11.0,-47.0
4576,-15.0,-41.0
4592,-10.0,-49.0
4608,-17.0,-47.0
4624,-11.0,-50.0
4640,-10.0,-47.0
4656,-13.0,-50.0
4672,-10.0,-49.0
4688,-12.0,-48.0
4704,-11.0,-45.0
4720,-11.0,-49.0
4736,-13.0,-47.0
4752,-17.0,-45.0
4768,-13.0,-42.0
4784,-12.0,-51.0
4800,-13.0,-45.0
4816,-10.0,-50.0
4832,-14.0,-45.0
4848,-13.0,-48.0
4864,-12.0,-49.0
4880,-15.0,-47.0
4896,-10.0,-46.0
4912,-15.0,-49.0
4928,-14.0,-47.0
4944,-14.0,-52.0
4960,-12.0,-43.0
4976,-16.0,-42.0
4992,-9.0,-46.0
5008,-15.0,-52.0
5024,-14.0,-48.0
5040,-17.0,-50.0
5056,-11.0,-51.0
5072,-13.0,-52.0
5088,-13.0,-51.0
5104,-18.0,-49.0
5120,-16.0,-46.0
5136,-12.0,-45.0
5152,-15.0,-51.0
5168,-16.0,-49.0
5184,-13.0,-48.0
5200,-9.0,-51.0
5216,-13.0,-42.0
5232,-13.0,-48.0
5248,-9.0,-45.0
5264,-14.0,-44.0
5280,-14.0,-48.0
5296,-18.0,-50.0
5312,-17.0,-49.0
5328,-13.0,-49.0
5344,-12.0,-50.0
5360,-14.0,-51.0
5376,-14.0,-47.0
5392,-16.0,-52.0
5408,-14.0,-51.0
5424,-13.0,-46.0
5440,-10.0,-50.0
5456,-17.0,-50.0
5472,-19.0,-49.0
5488,-16.0,-45.0
5504,-13.0,-51.0
5520,-20.0,-54.0
5536,-15.0,-44.0
5552,-11.0,-48.0
5568,-19.0,-52.0
5584,-17.0,-44.0
5600,-17.0,-54.0
5616,-18.0,-52.0
5632,-19.0,-45.0
5648,-16.0,-47.0
5664,-16.0,-48.0
5680,-18.0,-50.0
5696,-15.0,-46.0
5712,-12.0,-47.0
5728,-15.0,-47.0
5744,-15.0,-47.0
5760,-15.0,-51.0
5776,-16.0,-49.0
5792,-13.0,-47.0
5808,-15.0,-49.0
5824,-16.0,-47.0
5840,-14.0,-47.0
5856,-13.0,-52.0
5872,-16.0,-47.0
5888,-20.0,-53.0
5904,-17.0,-53.0
5920,-19.0,-51.0
5936,-17.0,-47.0
5952,-17.0,-48.0
5968,-18.0,-55.0
5984,-13.0,-52.0
6000,-18.0,-47.0
6016,-15.0,-49.0
6032,-17.0,-48.0
6048,-16.0,-51.0
6064,-14.0,-47.0
6080,-19.0,-46.0
6096,-16.0,-49.0
6112,-17.0,-47.0
6128,-16.0,-52.0
6144,-18.0,-53.0
6160,-17.0,-50.0
6176,-15.0,-51.0
6192,-17.0,-49.0
6208,-18.0,-48.0
6224,-14.0,-55.0
6240,-14.0,-50.0
6256,-16.0,-52.0
6272,-15.0,-55.0
6288,-12.0,-47.0
6304,-21.0,-48.0
6320,-15.0,-48.0
6336,-18.0,-49.0
6352,-17.0,-51.0
6368,-18.0,-50.0
6384,-17.0,-45.0
6400,-18.0,-51.0
6416,-16.0,-48.0
6432,-18.0,-47.0
6448,-15.0,-55.0
6464,-18.0,-48.0
6480,-15.0,-50.0
6496,-17.0,-45.0
6512,-17.0,-50.0
6528,-18.0,-49.0
6544,-15.0,-52.0
6560,-18.0,-53.0
6576,-14.0,-46.0
6592,-15.0,-48.0
6608,-18.0,-50.0
6624,-18.0,-54.0
6640,-17.0,-51.0
6656,-20.0,-52.0
6672,-18.0,-50.0
6688,-17.0,-51.0
6704,-20.0,-50.0
6720,-21.0,-50.0
6736,-18.0,-52.0
6752,-20.0,-50.0
6768,-18.0,-52.0
6784,-22.0,-49.0
6800,-19.0,-52.0
6816,-18.0,-50.0
6832,-25.0,-50.0
6848,-16.0,-49.0
6864,-19.0,-48.0
6880,-21.0,-49.0
6896,-18.0,-52.0
6912,-20.0,-49.0
6928,-20.0,-52.0
6944,-21.0,-51.0
6960,-22.0,-48.0
6976,-19.0,-51.0
6992,-18.0,-48.0
7008,-16.0,-49.0
7024,-20.0,-49.0
7040,-24.0,-53.0
7056,-16.0,-56.0
7072,-18.0,-51.0
7088,-18.0,-47.0
7104,-18.0,-56.0
7120,-20.0,-49.0
7136,-16.0,-51.0
7152,-18.0,-53.0
7168,-18.0,-55.0
7184,-15.0,-47.0
7200,-21.0,-58.0
7216,-18.0,-50.0
7232,-21.0,-49.0
7248,-18.0,-53.0
7264,-20.0,-45.0
7280,-19.0,-50.0
7296,-20.0,-49.0
7312,-22.0,-52.0
7328,-23.0,-50.0
7344,-20.0,-48.0
7360,-21.0,-52.0
7376,-18.0,-54.0
7392,-22.0,-54.0
7408,-22.0,-59.0
7424,-24.0,-52.0
7440,-20.0,-56.0
7456,-15.0,-53.0
7472,-18.0,-54.0
7488,-20.0,-56.0
7504,-20.0,-52.0
7520,-19.0,-50.0
7536,-19.0,-43.0
7552,-21.0,-51.0
7568,-19.0,-52.0
7584,-22.0,-50.0
7600,-23.0,-51.0
7616,-20.0,-47.0
7632,-18.0,-53.0
7648,-20.0,-52.0
7664,-19.0,-52.0
7680,-19.0,-52.0
7696,-24.0,-54.0
7712,-18.0,-58.0
7728,-25.0,-55.0
7744,-21.0,-49.0
7760,-17.0,-56.0
7776,-24.0,-54.0
7792,-20.0,-50.0
7808,-23.0,-55.0
7824,-25.0,-52.0
7840,-23.0,-50.0
7856,-20.0,-51.0
7872,-21.0,-48.0
7888,-25.0,-53.0
7904,-19.0,-50.0
7920,-20.0,-54.0
7936,-19.0,-51.0
7952,-23.0,-56.0
7968,-24.0,-56.0
7984,-20.0,-52.0
8000,-20.0,-48.0
8016,-26.0,-50.0
8032,-21.0,-56.0
8048,-24.0,-56.0
8064,-22.0,-57.0
8080,-20.0,-54.0
8096,-20.0,-51.0
8112,-23.0,-56.0
8128,-23.0,-53.0
8144,-22.0,-51.0
8160,-21.0,-54.0
8176,-18.0,-51.0
8192,-18.0,-52.0
8208,-21.0,-54.0
8224,-20.0,-57.0
8240,-23.0,-53.0
8256,-25.0,-55.0
8272,-22.0,-54.0
8288,-21.0,-62.0
8304,-25.0,-51.0
8320,-22.0,-56.0
8336,-26.0,-51.0
8352,-25.0,-51.0
8368,-19.0,-50.0
8384,-21.0,-52.0
8400,-20.0,-50.0
8416,-21.0,-58.0
8432,-23.0,-53.0
8448,-25.0,-54.0
8464,-21.0,-50.0
8480,-20.0,-57.0
8496,-23.0,-62.0
8512,-26.0,-55.0
8528,-21.0,-53.0
8544,-24.0,-50.0
8560,-20.0,-53.0
8576,-21.0,-53.0
8592,-22.0,-59.0
8608,-23.0,-51.0
8624,-23.0,-56.0
8640,-27.0,-56.0
8656,-25.0,-59.0
8672,-23.0,-55.0
8688,-21.0,-55.0
8704,-22.0,-57.0
8720,-24.0,-57.0
8736,-28.0,-54.0
8752,-20.0,-63.0
8768,-21.0,-56.0
8784,-22.0,-63.0
8800,-25.0,-54.0
8816,-30.0,-57.0
8832,-24.0,-54.0
8848,-24.0,-52.0
8864,-24.0,-58.0
8880,-21.0,-53.0
8896,-26.0,-53.0
8912,-21.0,-54.0
8928,-25.0,-58.0
8944,-25.0,-54.0
8960,-27.0,-59.0
8976,-22.0,-55.0
8992,-26.0,-56.0
9008,-22.0,-59.0
9024,-26.0,-57.0
9040,-27.0,-59.0
9056,-29.0,-56.0
9072,-26.0,-50.0
9088,-28.0,-59.0
9104,-25.0,-60.0
9120,-23.0,-58.0
9136,-26.0,-55.0
9152,-22.0,-61.0
9168,-26.0,-54.0
9184,-22.0,-59.0
9200,-20.0,-63.0
9216,-23.0,-55.0
9232,-28.0,-58.0
9248,-25.0,-59.0
9264,-27.0,-54.0
9280,-24.0,-57.0
9296,-23.0,-53.0
9312,-24.0,-56.0
9328,-27.0,-58.0
9344,-22.0,-59.0
9360,-28.0,-54.0
9376,-28.0,-53.0
9392,-25.0,-54.0
9408,-25.0,-58.0
9424,-23.0,-57.0
9440,-22.0,-56.0
9456,-28.0,-58.0
9472,-24.0,-56.0
9488,-28.0,-54.0
9504,-26.0,-58.0
9520,-26.0,-54.0
9536,-26.0,-58.0
9552,-29.0,-54.0
9568,-30.0,-56.0
9584,-25.0,-54.0
9600,-27.0,-53.0
9616,-25.0,-55.0
9632,-22.0,-54.0
9648,-24.0,-53.0
9664,-29.0,-53.0
9680,-22.0,-59.0
9696,-26.0,-57.0
9712,-28.0,-55.0
9728,-28.0,-56.0
9744,-24.0,-57.0
9760,-26.0,-56.0
9776,-27.0,-54.0
9792,-29.0,-59.0
9808,-27.0,-58.0
9824,-25.0,-59.0
9840,-27.0,-57.0
9856,-27.0,-60.0
9872,-24.0,-58.0
9888,-23.0,-55.0
9904,-25.0,-55.0
9920,-23.0,-59.0
9936,-26.0,-61.0
9952,-25.0,-60.0
9968,-24.0,-59.0
9984,-26.0,-57.0
10000,-27.0,-51.0
10016,-27.0,-56.0
10032,-24.0,-54.0
10048,-27.0,-58.0
10064,-26.0,-60.0
10080,-29.0,-62.0
10096,-28.0,-54.0
10112,-28.0,-57.0
10128,-33.0,-59.0
10144,-26.0,-57.0
10160,-27.0,-60.0
10176,-26.0,-59.0
10192,-29.0,-59.0
10208,-30.0,-54.0
10224,-31.0,-60.0
10240,-26.0,-57.0
10256,-28.0,-58.0
10272,-23.0,-64.0
10288,-28.0,-61.0
10304,-25.0,-54.0
10320,-26.0,-58.0
10336,-30.0,-61.0
10352,-26.0,-54.0
10368,-30.0,-60.0
10384,-28.0,-55.0
10400,-30.0,-59.0
10416,-27.0,-60.0
10432,-29.0,-61.0
10448,-27.0,-57.0
10464,-25.0,-55.0
10480,-29.0,-55.0
10496,-30.0,-61.0
10512,-25.0,-62.0
10528,-30.0,-53.0
10544,-29.0,-64.0
10560,-30.0,-57.0
10576,-31.0,-59.0
10592,-25.0,-59.0
10608,-29.0,-58.0
10624,-30.0,-61.0
10640,-29.0,-62.0
10656,-33.0,-54.0
10672,-31.0,-62.0
10688,-27.0,-57.0
10704,-33.0,-62.0
10720,-26.0,-60.0
10736,-26.0,-55.0
10752,-32.0,-59.0
10768,-27.0,-61.0
10784,-26.0,-60.0
10800,-26.0,-60.0
10816,-31.0,-63.0
10832,-25.0,-65.0
10848,-27.0,-65.0
10864,-25.0,-55.0
10880,-31.0,-57.0
10896,-27.0,-57.0
10912,-30.0,-58.0
10928,-27.0,-58.0
10944,-38.0,-64.0
10960,-33.0,-61.0
10976,-29.0,-61.0
10992,-26.0,-52.0
11008,-29.0,-58.0
11024,-33.0,-58.0
11040,-27.0,-52.0
11056,-32.0,-59.0
11072,-31.0,-63.0
11088,-32.0,-59.0
11104,-33.0,-61.0
11120,-32.0,-59.0
11136,-30.0,-59.0
11152,-28.0,-62.0
11168,-31.0,-56.0
11184,-27.0,-59.0
11200,-28.0,-62.0
11216,-33.0,-58.0
11232,-35.0,-57.0
11248,-31.0,-60.0
11264,-34.0,-61.0
11280,-31.0,-64.0
11296,-29.0,-63.0
11312,-28.0,-59.0
11328,-35.0,-57.0
11344,-27.0,-59.0
11360,-32.0,-58.0
11376,-28.0,-65.0
11392,-31.0,-67.0
11408,-34.0,-60.0
11424,-38.0,-63.0
11440,-32.0,-60.0
11456,-33.0,-64.0
11472,-30.0,-60.0
11488,-33.0,-64.0
11504,-34.0,-64.0
11520,-30.0,-62.0
11536,-31.0,-58.0
11552,-31.0,-60.0
11568,-33.0,-59.0
11584,-35.0,-62.0
11600,-30.0,-59.0
11616,-33.0,-63.0
11632,-32.0,-61.0
11648,-36.0,-61.0
11664,-33.0,-58.0
11680,-32.0,-57.0
11696,-30.0,-62.0
11712,-33.0,-67.0
11728,-34.0,-60.0
11744,-27.0,-55.0
11760,-36.0,-59.0
11776,-35.0,-56.0
11792,-28.0,-66.0
11808,-32.0,-65.0
11824,-32.0,-59.0
11840,-33.0,-63.0
11856,-35.0,-62.0
11872,-30.0,-62.0
11888,-33.0,-61.0
11904,-37.0,-60.0
11920,-30.0,-63.0
11936,-36.0,-60.0
11952,-32.0,-63.0
11968,-35.0,-63.0
11984,-36.0,-62.0
12000,-32.0,-57.0
12016,-34.0,-64.0
12032,-36.0,-59.0
12048,-29.0,-63.0
12064,-36.0,-57.0
12080,-30.0,-61.0
12096,-35.0,-63.0
12112,-32.0,-62.0
12128,-36.0,-61.0
12144,-32.0,-66.0
12160,-34.0,-58.0
12176,-36.0,-60.0
12192,-38.0,-62.0
12208,-35.0,-70.0
12224,-35.0,-59.0
12240,-38.0,-61.0
12256,-35.0,-65.0
12272,-35.0,-63.0
12288,-34.0,-60.0
12304,-30.0,-59.0
12320,-33.0,-60.0
12336,-29.0,-62.0
12352,-37.0,-59.0
12368,-34.0,-60.0
12384,-36.0,-68.0
12400,-33.0,-67.0
12416,-35.0,-65.0
12432,-33.0,-64.0
12448,-36.0,-63.0
12464,-36.0,-61.0
12480,-35.0,-64.0
12496,-36.0,-64.0
12512,-33.0,-63.0
12528,-35.0,-56.0
12544,-33.0,-62.0
12560,-33.0,-68.0
12576,-40.0,-63.0
12592,-32.0,-61.0
12608,-33.0,-62.0
12624,-33.0,-60.0
12640,-33.0,-59.0
12656,-32.0,-66.0
12672,-35.0,-59.0
12688,-32.0,-62.0
12704,-38.0,-64.0
12720,-32.0,-63.0
12736,-34.0,-59.0
12752,-40.0,-59.0
12768,-39.0,-70.0
12784,-33.0,-61.0
12800,-36.0,-60.0
12816,-31.0,-63.0
12832,-36.0,-61.0
12848,-34.0,-67.0
12864,-37.0,-66.0
12880,-36.0,-62.0
12896,-35.0,-57.0
12912,-35.0,-66.0
12928,-38.0,-63.0
12944,-37.0,-61.0
12960,-35.0,-66.0
12976,-39.0,-61.0
12992,-34.0,-64.0
13008,-35.0,-64.0
13024,-37.0,-66.0
13040,-33.0,-59.0
13056,-41.0,-60.0
13072,-37.0,-62.0
13088,-43.0,-63.0
13104,-40.0,-63.0
13120,-36.0,-64.0
13136,-34.0,-67.0
13152,-42.0,-61.0
13168,-36.0,-64.0
13184,-34.0,-64.0
13200,-38.0,-67.0
13216,-40.0,-61.0
13232,-35.0,-60.0
13248,-38.0,-66.0
13264,-38.0,-67.0
13280,-36.0,-60.0
13296,-31.0,-65.0
13312,-36.0,-59.0
13328,-36.0,-62.0
13344,-38.0,-68.0
13360,-35.0,-64.0
13376,-36.0,-64.0
13392,-40.0,-66.0
13408,-38.0,-66.0
13424,-32.0,-65.0
13440,-39.0,-64.0
13456,-34.0,-68.0
13472,-39.0,-65.0
13488,-35.0,-64.0
13504,-38.0,-66.0
13520,-37.0,-62.0
13536,-35.0,-64.0
13552,-37.0,-58.0
13568,-42.0,-61.0
13584,-40.0,-63.0
13600,-37.0,-60.0
13616,-43.0,-65.0
13632,-41.0,-63.0
13648,-40.0,-64.0
13664,-41.0,-63.0
13680,-40.0,-60.0
13696,-35.0,-61.0
13712,-30.0,-68.0
13728,-44.0,-63.0
13744,-40.0,-65.0
13760,-37.0,-58.0
13776,-44.0,-62.0
13792,-39.0,-64.0
13808,-40.0,-65.0
13824,-39.0,-67.0
13840,-45.0,-65.0
13856,-39.0,-60.0
13872,-35.0,-65.0
13888,-38.0,-66.0
13904,-40.0,-64.0
13920,-38.0,-67.0
13936,-40.0,-62.0
13952,-41.0,-69.0
13968,-44.0,-62.0
13984,-38.0,-65.0
14000,-38.0,-70.0
14016,-41.0,-66.0
14032,-37.0,-65.0
14048,-39.0,-70.0
14064,-42.0,-68.0
14080,-37.0,-67.0
14096,-40.0,-68.0
14112,-41.0,-62.0
14128,-41.0,-64.0
14144,-35.0,-69.0
14160,-41.0,-60.0
14176,-39.0,-61.0
14192,-43.0,-61.0
14208,-42.0,-64.0
14224,-38.0,-67.0
14240,-41.0,-68.0
14256,-41.0,-64.0
14272,-37.0,-67.0
14288,-41.0,-64.0
14304,-41.0,-63.0
14320,-39.0,-61.0
14336,-45.0,-68.0
14352,-36.0,-60.0
14368,-43.0,-64.0
14384,-40.0,-65.0
14400,-39.0,-70.0
14416,-46.0,-65.0
14432,-47.0,-68.0
14448,-43.0,-63.0
14464,-45.0,-64.0
14480,-41.0,-62.0
14496,-43.0,-65.0
14512,-44.0,-68.0
14528,-44.0,-65.0
14544,-39.0,-69.0
14560,-41.0,-66.0
14576,-43.0,-65.0
14592,-38.0,-64.0
14608,-43.0,-63.0
14624,-51.0,-66.0
14640,-38.0,-63.0
14656,-42.0,-66.0
14672,-41.0,-66.0
14688,-43.0,-66.0
14704,-39.0,-75.0
14720,-42.0,-69.0
14736,-44.0,-71.0
14752,-44.0,-65.0
14768,-41.0,-67.0
14784,-43.0,-65.0
14800,-43.0,-70.0
14816,-44.0,-66.0
14832,-48.0,-66.0
14848,-35.0,-73.0
14864,-39.0,-72.0
14880,-39.0,-68.0
14896,-41.0,-72.0
14912,-41.0,-69.0
14928,-41.0,-61.0
14944,-43.0,-69.0
14960,-38.0,-69.0
14976,-38.0,-64.0
14992,-40.0,-68.0
15008,-42.0,-70.0
15024,-41.0,-64.0
15040,-41.0,-67.0
15056,-38.0,-65.0
15072,-44.0,-66.0
15088,-47.0,-62.0
15104,-44.0,-65.0
15120,-43.0,-67.0
15136,-43.0,-69.0
15152,-45.0,-71.0
15168,-41.0,-69.0
15184,-41.0,-72.0
15200,-42.0,-63.0
15216,-42.0,-66.0
15232,-40.0,-68.0
15248,-49.0,-68.0
15264,-44.0,-64.0
15280,-49.0,-70.0
15296,-43.0,-68.0
15312,-40.0,-71.0
15328,-45.0,-65.0
15344,-45.0,-69.0
15360,-41.0,-65.0
15376,-39.0,-65.0
15392,-40.0,-69.0
15408,-49.0,-71.0
15424,-42.0,-67.0
15440,-38.0,-68.0
15456,-40.0,-65.0
15472,-44.0,-67.0
15488,-49.0,-62.0
15504,-42.0,-71.0
15520,-47.0,-68.0
15536,-41.0,-67.0
15552,-44.0,-63.0
15568,-47.0,-72.0
15584,-42.0,-68.0
15600,-45.0,-62.0
15616,-43.0,-70.0
15632,-45.0,-67.0
15648,-41.0,-70.0
15664,-42.0,-67.0
15680,-46.0,-69.0
15696,-39.0,-66.0
15712,-44.0,-72.0
15728,-45.0,-69.0
15744,-46.0,-68.0
15760,-40.0,-68.0
15776,-44.0,-68.0
15792,-47.0,-67.0
15808,-42.0,-73.0
15824,-45.0,-71.0
15840,-44.0,-65.0
15856,-48.0,-68.0
15872,-45.0,-75.0
15888,-47.0,-64.0
15904,-47.0,-66.0
15920,-38.0,-69.0
15936,-46.0,-69.0
15952,-46.0,-68.0
15968,-45.0,-74.0
15984,-45.0,-68.0
16000,-46.0,-68.0
16016,-40.0,-70.0
16032,-44.0,-66.0
16048,-47.0,-67.0
16064,-41.0,-69.0
16080,-45.0,-69.0
16096,-56.0,-70.0
16112,-42.0,-64.0
16128,-45.0,-69.0
16144,-42.0,-61.0
16160,-46.0,-67.0
16176,-43.0,-70.0
16192,-52.0,-71.0
16208,-46.0,-68.0
16224,-47.0,-70.0
16240,-47.0,-71.0
16256,-49.0,-68.0
16272,-50.0,-67.0
16288,-52.0,-71.0
16304,-43.0,-67.0
16320,-46.0,-66.0
16336,-46.0,-67.0
16352,-48.0,-69.0
16368,-49.0,-75.0
16384,-45.0,-67.0
16400,-43.0,-70.0
16416,-47.0,-70.0
16432,-50.0,-68.0
16448,-50.0,-69.0
16464,-47.0,-70.0
16480,-49.0,-65.0
16496,-45.0,-69.0
16512,-50.0,-69.0
16528,-55.0,-73.0
16544,-47.0,-68.0
16560,-43.0,-75.0
16576,-45.0,-66.0
16592,-46.0,-70.0
16608,-50.0,-67.0
16624,-47.0,-66.0
16640,-53.0,-62.0
16656,-49.0,-73.0
16672,-49.0,-71.0
16688,-48.0,-67.0
16704,-51.0,-67.0
16720,-50.0,-71.0
16736,-52.0,-72.0
16752,-49.0,-68.0
16768,-49.0,-66.0
16784,-50.0,-68.0
16800,-54.0,-70.0
16816,-46.0,-76.0
16832,-48.0,-71.0
16848,-50.0,-72.0
16864,-49.0,-73.0
16880,-46.0,-81.0
16896,-41.0,-68.0
16912,-50.0,-69.0
16928,-48.0,-70.0
16944,-45.0,-74.0
16960,-42.0,-66.0
16976,-46.0,-70.0
16992,-48.0,-68.0
17008,-49.0,-73.0
17024,-52.0,-69.0
17040,-46.0,-69.0
17056,-46.0,-72.0
17072,-50.0,-70.0
17088,-48.0,-71.0
17104,-49.0,-74.0
17120,-50.0,-72.0
17136,-51.0,-76.0
17152,-49.0,-76.0
17168,-46.0,-71.0
17184,-46.0,-76.0
17200,-50.0,-65.0
17216,-46.0,-68.0
17232,-51.0,-75.0
17248,-47.0,-74.0
17264,-54.0,-71.0
17280,-44.0,-77.0
17296,-46.0,-77.0
17312,-48.0,-71.0
17328,-52.0,-69.0
17344,-48.0,-75.0
17360,-51.0,-70.0
17376,-51.0,-73.0
17392,-46.0,-67.0
17408,-42.0,-72.0
17424,-48.0,-72.0
17440,-48.0,-76.0
17456,-50.0,-66.0
17472,-47.0,-71.0
17488,-47.0,-67.0
17504,-52.0,-69.0
17520,-45.0,-70.0
17536,-46.0,-74.0
17552,-51.0,-74.0
17568,-56.0,-74.0
17584,-53.0,-69.0
17600,-51.0,-72.0
17616,-50.0,-71.0
17632,-51.0,-77.0
17648,-54.0,-73.0
17664,-49.0,-63.0
17680,-44.0,-75.0
17696,-46.0,-76.0
17712,-49.0,-74.0
17728,-48.0,-71.0
17744,-48.0,-73.0
17760,-55.0,-71.0
17776,-49.0,-77.0
17792,-53.0,-67.0
17808,-55.0,-72.0
17824,-49.0,-73.0
17840,-50.0,-75.0
17856,-61.0,-74.0
17872,-52.0,-80.0
17888,-49.0,-79.0
17904,-50.0,-73.0
17920,-50.0,-77.0
17936,-49.0,-71.0
17952,-47.0,-72.0
17968,-53.0,-67.0
17984,-52.0,-75.0
18000,-48.0,-68.0
18016,-52.0,-74.0
18032,-49.0,-73.0
18048,-51.0,-69.0
18064,-46.0,-76.0
18080,-53.0,-75.0
18096,-54.0,-69.0
18112,-51.0,-70.0
18128,-51.0,-69.0
18144,-56.0,-77.0
18160,-52.0,-74.0
18176,-52.0,-69.0
18192,-53.0,-72.0
18208,-52.0,-74.0
18224,-49.0,-75.0
18240,-53.0,-77.0
18256,-52.0,-78.0
18272,-50.0,-69.0
18288,-52.0,-78.0
18304,-51.0,-69.0
18320,-52.0,-75.0
18336,-51.0,-73.0
18352,-52.0,-77.0
18368,-56.0,-77.0
18384,-48.0,-75.0
18400,-51.0,-77.0
18416,-52.0,-78.0
18432,-47.0,-80.0
18448,-50.0,-69.0
18464,-51.0,-71.0
18480,-51.0,-63.0
18496,-48.0,-76.0
18512,-53.0,-76.0
18528,-57.0,-80.0
18544,-53.0,-79.0
18560,-53.0,-74.0
18576,-52.0,-73.0
18592,-53.0,-75.0
18608,-49.0,-74.0
18624,-51.0,-73.0
18640,-48.0,-75.0
18656,-56.0,-77.0
18672,-53.0,-75.0
18688,-52.0,-80.0
18704,-49.0,-75.0
18720,-55.0,-75.0
18736,-53.0,-77.0
18752,-51.0,-75.0
18768,-52.0,-77.0
18784,-49.0,-70.0
18800,-54.0,-71.0
18816,-55.0,-73.0
18832,-54.0,-78.0
18848,-54.0,-70.0
18864,-55.0,-75.0
18880,-55.0,-78.0
18896,-54.0,-81.0
18912,-58.0,-72.0
18928,-54.0,-77.0
18944,-57.0,-75.0
18960,-56.0,-74.0
18976,-53.0,-73.0
18992,-51.0,-75.0
19008,-52.0,-75.0
19024,-53.0,-75.0
19040,-52.0,-73.0
19056,-57.0,-74.0
19072,-52.0,-79.0
19088,-52.0,-76.0
19104,-56.0,-79.0
19120,-54.0,-77.0
19136,-52.0,-73.0
19152,-56.0,-75.0
19168,-52.0,-73.0
19184,-54.0,-73.0
19200,-57.0,-77.0
19216,-58.0,-71.0
19232,-53.0,-75.0
19248,-47.0,-74.0
19264,-55.0,-74.0
19280,-54.0,-73.0
19296,-52.0,-79.0
19312,-56.0,-77.0
19328,-60.0,-71.0
19344,-57.0,-80.0
19360,-53.0,-75.0
19376,-53.0,-74.0
19392,-52.0,-77.0
19408,-57.0,-78.0
19424,-56.0,-72.0
19440,-53.0,-82.0
19456,-61.0,-80.0
19472,-52.0,-81.0
19488,-57.0,-76.0
19504,-57.0,-75.0
19520,-58.0,-75.0
19536,-54.0,-76.0
19552,-55.0,-79.0
19568,-53.0,-79.0
19584,-54.0,-79.0
19600,-57.0,-76.0
19616,-57.0,-77.0
19632,-58.0,-71.0
19648,-58.0,-78.0
19664,-58.0,-71.0
19680,-52.0,-75.0
19696,-57.0,-73.0
19712,-57.0,-80.0
19728,-55.0,-80.0
19744,-52.0,-76.0
19760,-51.0,-85.0
19776,-56.0,-80.0
19792,-54.0,-76.0
19808,-57.0,-74.0
19824,-56.0,-78.0
19840,-57.0,-81.0
19856,-55.0,-76.0
19872,-54.0,-78.0
19888,-58.0,-77.0
19904,-62.0,-77.0
19920,-55.0,-77.0
19936,-55.0,-80.0
19952,-57.0,-78.0
19968,-53.0,-74.0
19984,-54.0,-75.0
20000,-59.0,-79.0
20016,-53.0,-79.0
20032,-55.0,-87.0
20048,-57.0,-80.0
20064,-55.0,-77.0
20080,-55.0,-81.0
20096,-52.0,-80.0
20112,-58.0,-79.0
20128,-59.0,-79.0
20144,-56.0,-81.0
20160,-60.0,-72.0
20176,-58.0,-80.0
20192,-53.0,-75.0
20208,-59.0,-78.0
20224,-60.0,-76.0
20240,-57.0,-80.0
20256,-58.0,-73.0
20272,-59.0,-84.0
20288,-58.0,-88.0
20304,-59.0,-75.0
20320,-58.0,-78.0
20336,-59.0,-75.0
20352,-55.0,-75.0
20368,-58.0,-78.0
20384,-59.0,-77.0
20400,-59.0,-80.0
20416,-51.0,-79.0
20432,-61.0,-75.0
20448,-55.0,-77.0
20464,-53.0,-81.0
20480,-57.0,-79.0
20496,-58.0,-76.0
20512,-53.0,-76.0
20528,-56.0,-77.0
20544,-62.0,-79.0
20560,-57.0,-78.0
20576,-56.0,-78.0
20592,-62.0,-78.0
20608,-57.0,-82.0
20624,-59.0,-83.0
20640,-54.0,-75.0
20656,-64.0,-81.0
20672,-60.0,-74.0
20688,-62.0,-79.0
20704,-58.0,-77.0
20720,-55.0,-83.0
20736,-55.0,-82.0
20752,-59.0,-81.0
20768,-57.0,-79.0
20784,-58.0,-80.0
20800,-59.0,-76.0
20816,-58.0,-81.0
20832,-60.0,-79.0
20848,-58.0,-82.0
20864,-54.0,-77.0
20880,-61.0,-76.0
20896,-59.0,-70.0
20912,-60.0,-79.0
20928,-61.0,-75.0
20944,-61.0,-80.0
20960,-55.0,-75.0
20976,-58.0,-79.0
20992,-61.0,-78.0
21008,-56.0,-85.0
21024,-59.0,-77.0
21040,-58.0,-76.0
21056,-60.0,-78.0
21072,-61.0,-89.0
21088,-57.0,-76.0
21104,-57.0,-83.0
21120,-62.0,-81.0
21136,-60.0,-82.0
21152,-64.0,-81.0
21168,-59.0,-78.0
21184,-61.0,-75.0
21200,-58.0,-76.0
21216,-59.0,-89.0
21232,-59.0,-80.0
21248,-59.0,-80.0
21264,-63.0,-79.0
21280,-61.0,-81.0
21296,-59.0,-80.0
21312,-57.0,-82.0
21328,-62.0,-76.0
21344,-60.0,-79.0
21360,-58.0,-85.0
21376,-62.0,-83.0
21392,-57.0,-86.0
21408,-57.0,-80.0
21424,-62.0,-81.0
21440,-60.0,-78.0
21456,-60.0,-75.0
21472,-61.0,-80.0
21488,-61.0,-74.0
21504,-60.0,-77.0
21520,-59.0,-83.0
21536,-58.0,-82.0
21552,-61.0,-84.0
21568,-56.0,-82.0
21584,-59.0,-76.0
21600,-57.0,-79.0
21616,-60.0,-87.0
21632,-63.0,-83.0
21648,-59.0,-77.0
21664,-58.0,-79.0
21680,-60.0,-79.0
21696,-61.0,-84.0
21712,-65.0,-80.0
21728,-60.0,-85.0
21744,-62.0,-81.0
21760,-67.0,-80.0
21776,-63.0,-78.0
21792,-66.0,-86.0
21808,-59.0,-79.0
21824,-63.0,-79.0
21840,-63.0,-80.0
21856,-58.0,-82.0
21872,-63.0,-86.0
21888,-58.0,-84.0
21904,-68.0,-80.0
21920,-58.0,-76.0
21936,-59.0,-85.0
21952,-60.0,-78.0
21968,-64.0,-75.0
21984,-60.0,-81.0
22000,-60.0,-78.0
22016,-69.0,-84.0
22032,-59.0,-86.0
22048,-60.0,-80.0
22064,-64.0,-84.0
22080,-64.0,-83.0
22096,-64.0,-82.0
22112,-62.0,-80.0
22128,-57.0,-84.0
22144,-63.0,-80.0
22160,-59.0,-84.0
22176,-59.0,-78.0
22192,-63.0,-85.0
22208,-62.0,-84.0
22224,-60.0,-78.0
22240,-61.0,-77.0
22256,-68.0,-84.0
22272,-59.0,-86.0
22288,-65.0,-86.0
22304,-67.0,-83.0
22320,-58.0,-87.0
22336,-60.0,-84.0
22352,-63.0,-78.0
22368,-61.0,-82.0
22384,-65.0,-79.0
22400,-64.0,-89.0
22416,-65.0,-79.0
22432,-59.0,-84.0
22448,-65.0,-84.0
22464,-64.0,-79.0
22480,-65.0,-76.0
22496,-61.0,-84.0
22512,-68.0,-79.0
22528,-61.0,-83.0
22544,-61.0,-84.0
22560,-65.0,-82.0
22576,-67.0,-84.0
22592,-63.0,-80.0
22608,-67.0,-88.0
22624,-60.0,-82.0
22640,-59.0,-81.0
22656,-67.0,-80.0
22672,-64.0,-83.0
22688,-68.0,-86.0
22704,-68.0,-80.0
22720,-66.0,-80.0
22736,-64.0,-88.0
22752,-59.0,-82.0
22768,-68.0,-78.0
22784,-66.0,-83.0
22800,-60.0,-86.0
22816,-65.0,-83.0
22832,-63.0,-81.0
22848,-64.0,-82.0
22864,-66.0,-89.0
22880,-64.0,-83.0
22896,-62.0,-77.0
22912,-63.0,-75.0
22928,-60.0,-85.0
22944,-66.0,-78.0
22960,-70.0,-92.0
22976,-66.0,-85.0
22992,-65.0,-82.0
23008,-62.0,-85.0
23024,-63.0,-80.0
23040,-68.0,-79.0
23056,-58.0,-83.0
23072,-62.0,-84.0
23088,-69.0,-79.0
23104,-65.0,-86.0
23120,-63.0,-83.0
23136,-68.0,-82.0
23152,-63.0,-82.0
23168,-68.0,-84.0
23184,-66.0,-90.0
23200,-65.0,-77.0
23216,-66.0,-89.0
23232,-69.0,-79.0
23248,-66.0,-80.0
23264,-68.0,-90.0
23280,-74.0,-83.0
23296,-66.0,-86.0
23312,-63.0,-87.0
23328,-64.0,-89.0
23344,-60.0,-84.0
23360,-66.0,-88.0
23376,-68.0,-75.0
23392,-60.0,-83.0
23408,-64.0,-92.0
23424,-65.0,-84.0
23440,-64.0,-89.0
23456,-63.0,-88.0
23472,-66.0,-86.0
23488,-66.0,-82.0
23504,-64.0,-82.0
23520,-68.0,-89.0
23536,-65.0,-81.0
23552,-68.0,-84.0
23568,-67.0,-81.0
23584,-64.0,-82.0
23600,-69.0,-85.0
23616,-67.0,-87.0
23632,-66.0,-78.0
23648,-65.0,-91.0
23664,-67.0,-89.0
23680,-69.0,-95.0
23696,-67.0,-85.0
23712,-70.0,-88.0
23728,-67.0,-84.0
23744,-66.0,-81.0
23760,-69.0,-93.0
23776,-65.0,-82.0
23792,-71.0,-93.0
23808,-71.0,-82.0
23824,-70.0,-85.0
23840,-69.0,-87.0
23856,-67.0,-89.0
23872,-64.0,-87.0
23888,-70.0,-83.0
23904,-67.0,-89.0
23920,-70.0,-85.0
23936,-71.0,-88.0
23952,-75.0,-81.0
23968,-64.0,-85.0
23984,-64.0,-85.0
24000,-65.0,-83.0
24016,-64.0,-84.0
24032,-66.0,-86.0
24048,-71.0,-90.0
24064,-69.0,-80.0
24080,-72.0,-83.0
24096,-65.0,-85.0
24112,-69.0,-91.0
24128,-70.0,-88.0
24144,-73.0,-92.0
24160,-66.0,-87.0
24176,-69.0,-89.0
24192,-68.0,-89.0
24208,-76.0,-84.0
24224,-69.0,-88.0
24240,-67.0,-87.0
24256,-72.0,-86.0
24272,-63.0,-84.0
24288,-68.0,-82.0
24304,-67.0,-91.0
24320,-68.0,-87.0
24336,-72.0,-82.0
24352,-69.0,-86.0
24368,-79.0,-85.0
24384,-70.0,-86.0
24400,-71.0,-87.0
24416,-73.0,-86.0
24432,-73.0,-85.0
24448,-61.0,-85.0
24464,-69.0,-85.0
24480,-71.0,-88.0
24496,-69.0,-87.0
24512,-61.0,-89.0
24528,-68.0,-92.0
24544,-75.0,-84.0
24560,-67.0,-83.0
24576,-65.0,-85.0
24592,-77.0,-88.0
24608,-70.0,-84.0
24624,-68.0,-79.0
24640,-72.0,-84.0
24656,-69.0,-85.0
24672,-74.0,-79.0
24688,-69.0,-89.0
24704,-67.0,-86.0
24720,-68.0,-87.0
24736,-70.0,-86.0
24752,-69.0,-81.0
24768,-77.0,-90.0
24784,-71.0,-82.0
24800,-71.0,-84.0
24816,-71.0,-95.0
24832,-68.0,-88.0
24848,-70.0,-88.0
24864,-68.0,-86.0
24880,-71.0,-86.0
24896,-66.0,-93.0
24912,-73.0,-89.0
24928,-72.0,-87.0
24944,-72.0,-80.0
24960,-69.0,-89.0
24976,-67.0,-89.0
24992,-67.0,-86.0
25008,-72.0,-96.0
25024,-67.0,-89.0
25040,-74.0,-82.0
25056,-71.0,-91.0
25072,-67.0,-83.0
25088,-71.0,-89.0
25104,-71.0,-87.0
25120,-73.0,-85.0
25136,-72.0,-92.0
25152,-73.0,-85.0
25168,-74.0,-88.0
25184,-72.0,-92.0
25200,-71.0,-89.0
25216,-71.0,-84.0
25232,-70.0,-91.0
25248,-74.0,-84.0
25264,-75.0,-92.0
25280,-68.0,-92.0
25296,-75.0,-93.0
25312,-73.0,-88.0
25328,-75.0,-92.0
25344,-79.0,-91.0
25360,-70.0,-94.0
25376,-75.0,-86.0
25392,-69.0,-89.0
25408,-75.0,-86.0
25424,-73.0,-92.0
25440,-74.0,-89.0
25456,-72.0,-92.0
25472,-67.0,-90.0
25488,-72.0,-86.0
25504,-73.0,-92.0
25520,-76.0,-90.0
25536,-74.0,-93.0
25552,-73.0,-84.0
25568,-79.0,-95.0
25584,-70.0,-89.0
25600,-76.0,-85.0
25616,-74.0,-88.0
25632,-69.0,-88.0
25648,-74.0,-85.0
25664,-71.0,-93.0
25680,-68.0,-85.0
25696,-73.0,-89.0
25712,-69.0,-88.0
25728,-69.0,-85.0
25744,-74.0,-88.0
25760,-72.0,-92.0
25776,-75.0,-88.0
25792,-77.0,-87.0
25808,-76.0,-92.0
25824,-77.0,-86.0
25840,-67.0,-86.0
25856,-74.0,-93.0
25872,-77.0,-89.0
25888,-70.0,-89.0
25904,-72.0,-90.0
25920,-75.0,-88.0
25936,-78.0,-87.0
25952,-70.0,-91.0
25968,-75.0,-83.0
25984,-73.0,-89.0
26000,-75.0,-92.0
26016,-72.0,-93.0
26032,-73.0,-85.0
26048,-73.0,-91.0
26064,-77.0,-90.0
26080,-79.0,-87.0
26096,-73.0,-94.0
26112,-70.0,-92.0
26128,-76.0,-94.0
26144,-74.0,-95.0
26160,-71.0,-91.0
26176,-77.0,-90.0
26192,-72.0,-89.0
26208,-77.0,-95.0
26224,-81.0,-89.0
26240,-78.0,-93.0
26256,-81.0,-89.0
26272,-73.0,-93.0
26288,-78.0,-85.0
26304,-75.0,-87.0
26320,-82.0,-89.0
26336,-77.0,-89.0
26352,-78.0,-88.0
26368,-79.0,-91.0
26384,-72.0,-94.0
26400,-73.0,-93.0
26416,-73.0,-94.0
26432,-82.0,-85.0
26448,-69.0,-83.0
26464,-75.0,-91.0
26480,-77.0,-87.0
26496,-73.0,-88.0
26512,-74.0,-90.0
26528,-75.0,-93.0
26544,-82.0,-95.0
26560,-74.0,-97.0
26576,-74.0,-89.0
26592,-78.0,-89.0
26608,-77.0,-88.0
26624,-75.0,-84.0
26640,-74.0,-90.0
26656,-78.0,-89.0
26672,-83.0,-89.0
26688,-77.0,-93.0
26704,-79.0,-88.0
26720,-73.0,-97.0
26736,-79.0,-93.0
26752,-79.0,-93.0
26768,-70.0,-92.0
26784,-79.0,-97.0
26800,-78.0,-91.0
26816,-75.0,-102.0
26832,-81.0,-90.0
26848,-78.0,-96.0
26864,-77.0,-93.0
26880,-74.0,-95.0
26896,-79.0,-90.0
26912,-77.0,-91.0
26928,-76.0,-99.0
26944,-76.0,-93.0
26960,-71.0,-87.0
26976,-76.0,-93.0
26992,-73.0,-92.0
27008,-75.0,-89.0
27024,-76.0,-92.0
27040,-79.0,-97.0
27056,-77.0,-91.0
27072,-80.0,-92.0
27088,-79.0,-92.0
27104,-73.0,-88.0
27120,-71.0,-99.0
27136,-79.0,-95.0
27152,-73.0,-91.0
27168,-76.0,-91.0
27184,-82.0,-94.0
27200,-86.0,-92.0
27216,-75.0,-97.0
27232,-86.0,-95.0
27248,-83.0,-87.0
27264,-77.0,-90.0
27280,-73.0,-93.0
27296,-78.0,-89.0
27312,-80.0,-92.0
27328,-75.0,-88.0
27344,-86.0,-92.0
27360,-76.0,-88.0
27376,-79.0,-95.0
27392,-80.0,-94.0
27408,-79.0,-97.0
27424,-84.0,-97.0
27440,-83.0,-91.0
27456,-79.0,-90.0
27472,-83.0,-93.0
27488,-81.0,-98.0
27504,-86.0,-100.0
27520,-77.0,-94.0
27536,-81.0,-87.0
27552,-79.0,-87.0
27568,-76.0,-97.0
27584,-73.0,-92.0
27600,-81.0,-95.0
27616,-80.0,-90.0
27632,-79.0,-93.0
27648,-79.0,-94.0
27664,-81.0,-88.0
27680,-82.0,-95.0
27696,-80.0,-93.0
27712,-81.0,-99.0
27728,-77.0,-89.0
27744,-80.0,-94.0
27760,-79.0,-98.0
27776,-90.0,-95.0
27792,-83.0,-91.0
27808,-80.0,-93.0
27824,-78.0,-93.0
27840,-81.0,-101.0
27856,-78.0,-98.0
27872,-79.0,-88.0
27888,-79.0,-99.0
27904,-81.0,-96.0
27920,-79.0,-100.0
27936,-80.0,-95.0
27952,-76.0,-96.0
27968,-77.0,-96.0
27984,-89.0,-88.0
28000,-83.0,-89.0
28016,-83.0,-99.0
28032,-77.0,-96.0
28048,-83.0,-91.0
28064,-82.0,-97.0
28080,-81.0,-96.0
28096,-83.0,-97.0
28112,-74.0,-93.0
28128,-84.0,-96.0
28144,-82.0,-94.0
28160,-87.0,-91.0
28176,-84.0,-86.0
28192,-81.0,-103.0
28208,-82.0,-92.0
28224,-83.0,-97.0
28240,-90.0,-98.0
28256,-80.0,-97.0
28272,-82.0,-94.0
28288,-80.0,-95.0
28304,-87.0,-94.0
28320,-79.0,-94.0
28336,-84.0,-91.0
28352,-87.0,-97.0
28368,-83.0,-94.0
28384,-78.0,-98.0
28400,-83.0,-98.0
28416,-86.0,-96.0
28432,-87.0,-91.0
28448,-80.0,-96.0
28464,-89.0,-96.0
28480,-81.0,-92.0
28496,-85.0,-95.0
28512,-84.0,-96.0
28528,-80.0,-97.0
28544,-81.0,-92.0
28560,-80.0,-97.0
28576,-89.0,-100.0
28592,-78.0,-96.0
28608,-89.0,-93.0
28624,-86.0,-96.0
28640,-86.0,-94.0
28656,-76.0,-99.0
28672,-77.0,-99.0
28688,-84.0,-98.0
28704,-79.0,-93.0
28720,-82.0,-100.0
28736,-83.0,-97.0
28752,-87.0,-91.0
28768,-82.0,-99.0
28784,-84.0,-96.0
28800,-86.0,-97.0
28816,-81.0,-88.0
28832,-91.0,-96.0
28848,-87.0,-92.0
28864,-79.0,-95.0
28880,-83.0,-97.0
28896,-86.0,-98.0
28912,-87.0,-100.0
28928,-87.0,-98.0
28944,-87.0,-99.0
28960,-84.0,-102.0
28976,-86.0,-95.0
28992,-84.0,-101.0
29008,-87.0,-94.0
29024,-84.0,-98.0
29040,-80.0,-102.0
29056,-84.0,-99.0
29072,-87.0,-99.0
29088,-85.0,-90.0
29104,-84.0,-89.0
29120,-84.0,-101.0
29136,-88.0,-95.0
29152,-86.0,-95.0
29168,-92.0,-90.0
29184,-89.0,-94.0
29200,-85.0,-101.0
29216,-85.0,-97.0
29232,-82.0,-99.0
29248,-80.0,-100.0
29264,-87.0,-93.0
29280,-86.0,-101.0
29296,-86.0,-96.0
29312,-86.0,-101.0
29328,-86.0,-99.0
29344,-87.0,-102.0
29360,-80.0,-99.0
29376,-89.0,-97.0
29392,-81.0,-101.0
29408,-84.0,-87.0
29424,-83.0,-93.0
29440,-85.0,-96.0
29456,-85.0,-96.0
29472,-86.0,-96.0
29488,-85.0,-101.0
29504,-82.0,-100.0
29520,-90.0,-102.0
29536,-90.0,-106.0
29552,-87.0,-96.0
29568,-85.0,-94.0
29584,-89.0,-97.0
29600,-89.0,-96.0
29616,-89.0,-96.0
29632,-88.0,-95.0
29648,-87.0,-95.0
29664,-84.0,-98.0
29680,-85.0,-98.0
29696,-90.0,-100.0
29712,-89.0,-101.0
29728,-95.0,-99.0
29744,-87.0,-95.0
29760,-85.0,-103.0
29776,-86.0,-97.0
29792,-92.0,-100.0
29808,-88.0,-98.0
29824,-89.0,-96.0
29840,-85.0,-95.0
29856,-86.0,-94.0
29872,-90.0,-95.0
29888,-91.0,-94.0
29904,-86.0,-94.0
29920,-96.0,-101.0
29936,-92.0,-99.0
29952,-90.0,-96.0
29968,-90.0,-100.0
29984,-86.0,-94.0
30000,-93.0,-96.0
30016,-90.0,-103.0
30032,-99.0,-95.0
30048,-91.0,-97.0
30064,-84.0,-101.0
30080,-92.0,-102.0
30096,-89.0,-92.0
30112,-95.0,-107.0
30128,-93.0,-94.0
30144,-86.0,-97.0
30160,-94.0,-93.0
30176,-96.0,-96.0
30192,-97.0,-98.0
30208,-88.0,-96.0
30224,-95.0,-104.0
30240,-91.0,-99.0
30256,-93.0,-96.0
30272,-93.0,-98.0
30288,-87.0,-99.0
30304,-95.0,-103.0
30320,-97.0,-95.0
30336,-86.0,-96.0
30352,-88.0,-97.0
30368,-93.0,-99.0
30384,-92.0,-92.0
30400,-88.0,-92.0
30416,-90.0,-100.0
30432,-92.0,-100.0
30448,-90.0,-96.0
30464,-90.0,-100.0
30480,-96.0,-104.0
30496,-99.0,-97.0
30512,-84.0,-96.0
30528,-88.0,-99.0
30544,-94.0,-103.0
30560,-89.0,-99.0
30576,-87.0,-100.0
30592,-93.0,-97.0
30608,-94.0,-93.0
30624,-88.0,-99.0
30640,-92.0,-100.0
30656,-93.0,-95.0
30672,-95.0,-101.0
30688,-95.0,-100.0
30704,-88.0,-102.0
30720,-88.0,-92.0
30736,-94.0,-97.0
30752,-92.0,-103.0
30768,-85.0,-108.0
30784,-88.0,-98.0
30800,-90.0,-99.0
30816,-97.0,-100.0
30832,-97.0,-101.0
30848,-85.0,-100.0
30864,-89.0,-95.0
30880,-92.0,-99.0
30896,-99.0,-101.0
30912,-100.0,-105.0
30928,-90.0,-99.0
30944,-88.0,-106.0
30960,-96.0,-95.0
30976,-89.0,-100.0
30992,-96.0,-101.0
31008,-95.0,-103.0
31024,-95.0,-100.0
31040,-94.0,-105.0
31056,-95.0,-99.0
31072,-98.0,-95.0
31088,-103.0,-104.0
31104,-97.0,-93.0
31120,-93.0,-96.0
31136,-97.0,-99.0
31152,-93.0,-97.0
31168,-94.0,-97.0
31184,-92.0,-92.0
31200,-87.0,-99.0
31216,-101.0,-109.0
31232,-96.0,-101.0
31248,-99.0,-105.0
31264,-90.0,-105.0
31280,-94.0,-99.0
31296,-97.0,-96.0
31312,-95.0,-92.0
31328,-91.0,-103.0
31344,-98.0,-100.0
31360,-99.0,-103.0
31376,-90.0,-107.0
31392,-101.0,-100.0
31408,-95.0,-98.0
31424,-102.0,-98.0
31440,-90.0,-97.0
31456,-96.0,-103.0
31472,-96.0,-108.0
31488,-99.0,-101.0
31504,-91.0,-104.0
31520,-101.0,-100.0
31536,-94.0,-96.0
31552,-100.0,-97.0
31568,-102.0,-101.0
31584,-90.0,-97.0
31600,-100.0,-104.0
31616,-96.0,-101.0
31632,-101.0,-102.0
31648,-92.0,-101.0
31664,-95.0,-95.0
31680,-97.0,-94.0
31696,-99.0,-105.0
31712,-93.0,-95.0
31728,-96.0,-95.0
31744,-95.0,-102.0
31760,-101.0,-94.0
31776,-97.0,-97.0
31792,-100.0,-98.0
31808,-93.0,-104.0
31824,-100.0,-107.0
31840,-100.0,-103.0
31856,-99.0,-108.0
31872,-94.0,-100.0
31888,-101.0,-99.0
31904,-97.0,-104.0
31920,-95.0,-104.0
31936,-93.0,-102.0
31952,-103.0,-99.0
31968,-100.0,-98.0
31984,-99.0,-102.0
32000,-92.0,-103.0
32016,-96.0,-102.0
32032,-100.0,-97.0
32048,-103.0,-97.0
32064,-99.0,-99.0
32080,-94.0,-105.0
32096,-93.0,-105.0
32112,-94.0,-106.0
32128,-99.0,-106.0
32144,-103.0,-103.0
32160,-96.0,-105.0
32176,-107.0,-106.0
32192,-97.0,-101.0
32208,-97.0,-103.0
32224,-93.0,-97.0
32240,-99.0,-107.0
32256,-98.0,-99.0
32272,-101.0,-107.0
32288,-98.0,-97.0
32304,-92.0,-98.0
32320,-104.0,-103.0
32336,-97.0,-96.0
32352,-96.0,-98.0
32368,-102.0,-98.0
32384,-97.0,-105.0
32400,-95.0,-96.0
32416,-102.0,-104.0
32432,-102.0,-99.0
32448,-104.0,-103.0
32464,-106.0,-103.0
32480,-99.0,-96.0
32496,-96.0,-102.0
32512,-107.0,-105.0
32528,-97.0,-104.0
32544,-106.0,-103.0
32560,-100.0,-103.0
32576,-104.0,-101.0
32592,-100.0,-107.0
32608,-104.0,-103.0
32624,-104.0,-100.0
32640,-103.0,-105.0
32656,-107.0,-101.0
32672,-103.0,-101.0
32688,-103.0,-92.0
32704,-99.0,-98.0
32720,-100.0,-109.0
32736,-104.0,-103.0
32752,-108.0,-96.0
